name,price,original_price,rating,reviews_count,description,attributes,quantity,image_url,product_url,sku,brand,category,in_stock,unit,source
Trapstar London E-Gift Voucher,£25.00,,,,Please note this is a virtual gift card and will be emailed to the email given in the order within 72 hours of purchase. This gift card is only available on our web store and not able to be purchased or used in store. E-Vouchers are valid for 12 Months from date of purchase. The E-Voucher will expire after 12 Months and any remaining balance will be invalid if it is not used within the 12 month period. For more information please head to the link below to read our full Terms &amp; Conditions. ht,,,https://cdn.shopify.com/s/files/1/1248/9105/products/EDZ13g214-125222_TOSEND.jpg?v=1734117016,https://uk.trapstarlondon.com/products/trapstar-london-e-gift-card,,Trapstar,Accessories,In Stock,,uk.trapstarlondon.com
*PRE ORDER* Decoded Hoodie - Black/Blue,£50.00,£80.00,,,Please note: This item will start dispatching from 9th January,,,https://cdn.shopify.com/s/files/1/1248/9105/files/07_8d522048-7325-4b35-bf6a-b81bdd305812.jpg?v=1766602581,https://uk.trapstarlondon.com/products/decoded-hoodie-black-blue,07356-XS,Trapstar,Hoodies,In Stock,,uk.trapstarlondon.com
*PRE ORDER* Decoded Hoodie - Black/Pink,£50.00,£80.00,,,Please note: This item will start dispatching from 9th January,,,https://cdn.shopify.com/s/files/1/1248/9105/files/08_9f8c12e7-f479-4643-bade-920216716a1a.jpg?v=1766602610,https://uk.trapstarlondon.com/products/decoded-hoodie-black-pink,07357-XS,Trapstar,Hoodies,In Stock,,uk.trapstarlondon.com
*PRE ORDER* Decoded Hoodie - Blackout Edition*,£50.00,£80.00,,,- Pullover hoodie - 100% cotton -Decoded Blackout Edition graphic on chest - Machine wash cold - Model is 6'ft. wearing size L,,,https://cdn.shopify.com/s/files/1/1248/9105/files/BLACKYELLOWSCRIPTSWIMSHORTS_B_7ef5afe6-cf5e-4291-b650-ed88d1a10c3d.jpg?v=1718301251,https://uk.trapstarlondon.com/products/decoded-hoodie-blackout-edition,01763-XS,Trapstar,Hoodies,Out of Stock,,uk.trapstarlondon.com
*PRE ORDER* Decoded Hoodie - Grey/Blue,£50.00,£80.00,,,Please note: This item will start dispatching from 9th January,,,https://cdn.shopify.com/s/files/1/1248/9105/files/06_dcea7c85-b23b-4845-a8aa-b11567009cfa.jpg?v=1766602554,https://uk.trapstarlondon.com/products/decoded-hoodie-grey-blue,07355-XS,Trapstar,Hoodies,In Stock,,uk.trapstarlondon.com
*PRE ORDER* Decoded Hoodie - Grey/Pink,£50.00,£80.00,,,Please note: This item will start dispatching from 9th January,,,https://cdn.shopify.com/s/files/1/1248/9105/files/05_9193c95f-6b5b-462f-927d-a8cfb628fed7.jpg?v=1766602523,https://uk.trapstarlondon.com/products/decoded-hoodie-grey-pink,07354-XS,Trapstar,Hoodies,In Stock,,uk.trapstarlondon.com
*PRE ORDER* Decoded Paisley Monochrome Edition Hoodie - Black,£40.00,£80.00,,,Please note: This item will start dispatching from 9th January Hooded sweatshirt 100% cotton Decoded Paisley graphic on chest Machine wash cold,,,https://cdn.shopify.com/s/files/1/1248/9105/files/paisley-hood-black-front.jpg?v=1700671832,https://uk.trapstarlondon.com/products/decoded-paisley-monochrome-edition-hoodie-black,05598-XS,Trapstar,Hoodies,Out of Stock,,uk.trapstarlondon.com
*PRE ORDER* Irongate Arch It's A Secret Hoodie - Black/Revolution Edition,£45.00,£80.00,,,Please note: This item will start dispatching from 9th January - Jersey Hooded Sweatshirt - 100% cotton - Irongate Arch It's A Secret graphic on front - Machine wash cold,,,https://cdn.shopify.com/s/files/1/1248/9105/files/revoluution-arch.jpg?v=1700681592,https://uk.trapstarlondon.com/products/irongate-arch-its-a-secret-hoodie-black-revolution-edition,05574-XS,Trapstar,Hoodies,Out of Stock,,uk.trapstarlondon.com
*PRE ORDER* Trapstar Distortion Hoodie - Black/Teal,£45.00,£80.00,,,Please note: This item will start dispatching from 9th January - Jersey Hooded Sweatshirt - 100% cotton - Trapstar Distortion graphic on front - Machine wash cold,,,https://cdn.shopify.com/s/files/1/1248/9105/files/blackfriday8.jpg?v=1700684445,https://uk.trapstarlondon.com/products/trapstar-distortion-hoodie-black-teal,05607-XS,Trapstar,Hoodies,Out of Stock,,uk.trapstarlondon.com
3D TS Hoodie - Black,£45.00,£80.00,,,- 100% cotton - 3D TS graphic on chest - Machine wash cold,,,https://cdn.shopify.com/s/files/1/1248/9105/products/3D-TS-Hood.jpg?v=1671795780,https://uk.trapstarlondon.com/products/3d-ts-hoodie-black,04766-XS,Trapstar,Hoodies,In Stock,,uk.trapstarlondon.com
Arch Script Hoodie - Black/Blue,£45.00,£80.00,,,- Hooded sweatshirt - 100% cotton - Machine wash cold,,,https://cdn.shopify.com/s/files/1/1248/9105/files/arch-script-blue-hood.jpg?v=1706529111,https://uk.trapstarlondon.com/products/arch-script-hoodie-black-blue,05796-XS,Trapstar,Hoodies,In Stock,,uk.trapstarlondon.com
Cyber Twin Hoodie - Black,£40.00,£80.00,,,- Pocketless Hooded sweatshirt - 100% cotton - Cyber Twin graphic on chest - Machine wash cold,,,https://cdn.shopify.com/s/files/1/1248/9105/products/5SEND.jpg?v=1612016820,https://uk.trapstarlondon.com/products/cyber-twin-hoodie-black,02652-XS,Trapstar,Hoodies,In Stock,,uk.trapstarlondon.com
DIY Art of War Hoodie - Black,£45.00,£80.00,,,- Hooded sweatshirt - 100% cotton - DIY Irongate T on chest - DIY Art of War graphic on sleeve &amp; back - Machine wash cold,,,https://cdn.shopify.com/s/files/1/1248/9105/products/aow-hood-back2.jpg?v=1679082640,https://uk.trapstarlondon.com/products/diy-art-of-war-hoodie-black,05060-XS,Trapstar,Hoodies,In Stock,,uk.trapstarlondon.com
Drift Hoodie - Black,£45.00,£80.00,,,- Hooded sweatshirt - 100% cotton - Graphic across centre chest - Machine wash cold,,,https://cdn.shopify.com/s/files/1/1248/9105/files/Blur-black-hood.jpg?v=1698342208,https://uk.trapstarlondon.com/products/drift-hoodie-black,05521-XS,Trapstar,Hoodies,In Stock,,uk.trapstarlondon.com
Drop Out Hoodie - Black,£45.00,£80.00,,,- Hooded sweatshirt - 100% cotton - Graphic across centre chest - Machine wash cold,,,https://cdn.shopify.com/s/files/1/1248/9105/files/TrapLeagueHoodie_1c99b0d3-718e-472c-bb1b-a88e2a2f06f7.jpg?v=1697822512,https://uk.trapstarlondon.com/products/drop-out-hoodie-black,05517-XS,Trapstar,Hoodies,In Stock,,uk.trapstarlondon.com
Full Speed Camo Hoodie - Black,£45.00,£80.00,,,- Hooded sweatshirt - 100% cotton,,,https://cdn.shopify.com/s/files/1/1248/9105/products/novecom3.jpg?v=1636474227,https://uk.trapstarlondon.com/products/full-speed-camo-hoodie-black,03455-XS,Trapstar,Hoodies,In Stock,,uk.trapstarlondon.com
Hot Rod Strikeout Hoodie - Black,£45.00,£80.00,,,- Hooded sweatshirt - 100% cotton - Hot Rod Strikeout graphic on chest - Machine wash cold,,,https://cdn.shopify.com/s/files/1/1248/9105/files/ARMYSHELLZIPHOODIE_B_4_364e4023-1618-4807-a1e5-bf6d6f1f8cc3.jpg?v=1704709235,https://uk.trapstarlondon.com/products/hot-rod-strikeout-hoodie-black,04906-XS,Trapstar,Hoodies,In Stock,,uk.trapstarlondon.com
Irongate Blocks Hoodie - Black,£45.00,£80.00,,,- Hooded Sweatshirt - 100% cotton - Irongate Blocks graphic on front - Machine wash cold,,,https://cdn.shopify.com/s/files/1/1248/9105/files/gcopy2_4122df37-a45e-41be-b98e-d9de6b51bac5.jpg?v=1711040151,https://uk.trapstarlondon.com/products/irongate-blocks-hoodie-black,04637-XS,Trapstar,Hoodies,In Stock,,uk.trapstarlondon.com
It's a Secret Hoodie 2.0 - Black/Blue,£45.00,£80.00,,,- Hooded sweatshirt - 100% cotton - Machine wash cold,,,https://cdn.shopify.com/s/files/1/1248/9105/files/1secret-hood-black_1.jpg?v=1704472847,https://uk.trapstarlondon.com/products/its-a-secret-hoodie-2-0-black-blue-1,05707-XS,Trapstar,Hoodies,In Stock,,uk.trapstarlondon.com
Resistance Hoodie - Black,£45.00,£80.00,,,- Hoodie - 100% cotton - Resistance graphic on chest &amp; back - Machine wash cold,,,https://cdn.shopify.com/s/files/1/1248/9105/products/fvg25222_TOSEND.jpg?v=1613667555,https://uk.trapstarlondon.com/products/resistance-hoodie-black,02690-XS,Trapstar,Hoodies,In Stock,,uk.trapstarlondon.com
Strike Out Hoodie - Black,£45.00,£80.00,,,- Hooded sweatshirt - 100% cotton - Machine wash cold,,,https://cdn.shopify.com/s/files/1/1248/9105/files/strikeout-hood-black.jpg?v=1706529118,https://uk.trapstarlondon.com/products/strike-out-hoodie-black-1,05799-XS,Trapstar,Hoodies,In Stock,,uk.trapstarlondon.com
TRP Print Hoodie - Black*,£50.00,£80.00,,,,,,https://cdn.shopify.com/s/files/1/1248/9105/files/TRPHoody.jpg?v=1741858531,https://uk.trapstarlondon.com/products/trp-print-hoodie-black,06829-XS,Trapstar,Hoodies,In Stock,,uk.trapstarlondon.com
TS Flame Print Hoodie - Black,£55.00,£80.00,,,Brushed Fleece Hoodie 100% Cotton 'TS Flame' Trapstar Graphic Print on Front Machine Wash Cold Regular Fit Certilogo Authentication Label,,,https://cdn.shopify.com/s/files/1/1248/9105/files/TSFlameHoody.jpg?v=1734090031,https://uk.trapstarlondon.com/products/ts-flame-print-hoodie-black,06659-XS,Trapstar,Hoodies,In Stock,,uk.trapstarlondon.com
Trapstar x Cough Syrup Classic Hoodie - Black,£45.00,£80.00,,,TITLE GRAPHIC SCREEN PRINT ON FRONT REGULAR FIT 100% COTTON,,,https://cdn.shopify.com/s/files/1/1248/9105/files/121shooter-hood-front_1.jpg?v=1756638663,https://uk.trapstarlondon.com/products/trapstar-x-cough-syrup-classic-hoodie-black,07233-XS,Trapstar,Hoodies,In Stock,,uk.trapstarlondon.com
Trapstar x Cough Syrup Classic Hoodie - Grey,£45.00,£80.00,,,TITLE GRAPHIC SCREEN PRINT ON FRONT REGULAR FIT 100% COTTON,,,https://cdn.shopify.com/s/files/1/1248/9105/files/GREYWHITEBLUEGRADIENTGELIRONGATEARCHTRACKSUITSET_F_1_af7b4d34-ca2a-4e41-8373-d55f3d56de89.jpg?v=1756638700,https://uk.trapstarlondon.com/products/trapstar-x-cough-syrup-classic-hoodie-grey,07234-XS,Trapstar,Hoodies,Out of Stock,,uk.trapstarlondon.com
Wavy T Box Hoodie - Black,£55.00,£80.00,,,- 100% cotton - Wavy T Box graphic on chest - Machine wash cold,,,https://cdn.shopify.com/s/files/1/1248/9105/files/WavyTeeBoxEcomsBlackHoodie.jpg?v=1762001284,https://uk.trapstarlondon.com/products/wavy-t-box-hoodie-black,04778-XS,Trapstar,Hoodies,Out of Stock,,uk.trapstarlondon.com
Wavy T Box Hoodie - Grey/Blue,£55.00,£80.00,,,- 100% cotton - Wavy T Box graphic on chest - Machine wash cold,,,https://cdn.shopify.com/s/files/1/1248/9105/files/WavyTeeBoxEcomsGreyHoodie.jpg?v=1761918084,https://uk.trapstarlondon.com/products/wavy-t-box-hoodie-grey-blue,04779-XS,Trapstar,Hoodies,In Stock,,uk.trapstarlondon.com
You Cruise You Lose 2.0 Hoodie - Black,£55.00,£80.00,,,- Hooded sweatshirt - 100% cotton - You Cruise You Lose 2.0 graphic on chest - Marksman graphic on back,,,https://cdn.shopify.com/s/files/1/1248/9105/products/Speed-black-hood-back.jpg?v=1672181918,https://uk.trapstarlondon.com/products/you-cruise-you-lose-2-0-hoodie-black,04755-XS,Trapstar,Hoodies,In Stock,,uk.trapstarlondon.com
Hyperdrive Translucent Puffer - Blue,£199.00,£350.00,,,"HYPERDRIVE TRANSLUCENT PUFFER -ZIPPER CLOSURE AT FRONT -HYPERDRIVE T RAISED TRANSFER LOGO LEFT CHEST -HYPERDRIVE RAISED TRANSFER LOGO UPPER BACK -ELASTICATED TAPING AT HOOD, HEM AND CUFFS -INTERNAL POCKET -INSERT ZIPPER POCKETS AT FRONT -OUTER: 100% NYLON -LINING: 100% POLYESTER -BOX FIT -DRY CLEAN -OFFICIAL CERTILOGO AUTHENTICATION LABEL",,,https://cdn.shopify.com/s/files/1/1248/9105/files/Aw25hyperdrivepuffer_Blue_B_1copy_75f66e8e-ac41-4c91-9573-a366b395f109.jpg?v=1764175837,https://uk.trapstarlondon.com/products/hyperdrive-translucent-puffer-black,07236-XS,Trapstar,Outerwear,In Stock,,uk.trapstarlondon.com
Irongate All Terrain Jacket - Black,£150.00,£200.00,,,-WATERPROOF ZIP CLOSURE AT FRONT -IRONGATE SILICONE BADGE LEFT CHEST -IRONGATE ARCH REFLECTIVE PRINT UPPER BACK -REFLECTIVE PRINT DETAIL FRONT &amp; BACK -3M PIPING DETAIL AT HOOD &amp; CUFFS -BUNGEE &amp; STOPPER AT HOOD -WATERPROOF ZIP POCKET AT FRONT -BUNGEE &amp; STOPPER AT HEM -VELCRO FASTENER AT CUFF -INTERNAL POCKET -JACKET IS WATERPROOF WITH TAPED SEAMS -100% POLYESTER -REGULAR FIT -WASH AT 30° -OFFICIAL CERTILOGO AUTHENTICATION LABEL,,,https://cdn.shopify.com/s/files/1/1248/9105/files/Aw25hyperdrivepuffer_Blue_B_1copy_75f66e8e-ac41-4c91-9573-a366b395f109_jpg.jpg?v=1766420725,https://uk.trapstarlondon.com/products/irongate-all-terrain-jacket-black,07101-XS,Trapstar,Outerwear,In Stock,,uk.trapstarlondon.com
Irongate All Terrain Jacket - Tree Camo,£150.00,£200.00,,,-WATERPROOF ZIP CLOSURE AT FRONT -IRONGATE SILICONE BADGE LEFT CHEST -IRONGATE ARCH REFLECTIVE PRINT UPPER BACK -REFLECTIVE PRINT DETAIL FRONT &amp; BACK -3M PIPING DETAIL AT HOOD &amp; CUFFS -BUNGEE &amp; STOPPER AT HOOD -WATERPROOF ZIP POCKET AT FRONT -BUNGEE &amp; STOPPER AT HEM -VELCRO FASTENER AT CUFF -INTERNAL POCKET -JACKET IS WATERPROOF WITH TAPED SEAMS -100% POLYESTER -REGULAR FIT -WASH AT 30° -OFFICIAL CERTILOGO AUTHENTICATION LABEL,,,https://cdn.shopify.com/s/files/1/1248/9105/files/Aw25hyperdrivepuffer_Blue_B_1copy_75f66e8e-ac41-4c91-9573-a366b395f109.jpg_copy.jpg?v=1766420954,https://uk.trapstarlondon.com/products/irongate-all-terrain-jacket-tree-camo,07202-XS,Trapstar,Outerwear,In Stock,,uk.trapstarlondon.com
Hyperdrive Striped Football Jersey - Black,£65.00,£90.00,,,TRP HYPERDRIVE FOOTBALL JERSEY -RAISED HYPERDRIVE TRANSFER LEFT &amp; RIGHT CHEST -“TRP” TRANSFER PRINT FRONT BODY -HYPERDRIVE TRANSFER PRINT UPPER BACK -G 17 TRANSGER PRINT CENTRE BACK -PIPING DETAIL BODY &amp; SLEEVES -100% POLYESTER -REGULAR FIT -30 DEGREE WASH WITH SIMILAR COLOURS -OFFICIAL CERTILOGO AUTHENTICATION LABEL,,,https://cdn.shopify.com/s/files/1/1248/9105/files/ac_trp_jersey_black_F_4_copy_c0eaf67d-b223-4ba3-a0af-8ba3e5a7af59.jpg?v=1761586031,https://uk.trapstarlondon.com/products/hyperdrive-striped-football-jersey-black,07121-XS,Trapstar,Shop All,In Stock,,uk.trapstarlondon.com
Hyperdrive Striped Football Jersey - Black/Red,£65.00,£90.00,,,-RAISED HYPERDRIVE TRANSFER LEFT &amp; RIGHT CHEST -“TRP” TRANSFER PRINT FRONT BODY -HYPERDRIVE TRANSFER PRINT UPPER BACK -G 17 TRANSGER PRINT CENTRE BACK -PIPING DETAIL BODY &amp; SLEEVES -100% POLYESTER -REGULAR FIT -30 DEGREE WASH WITH SIMILAR COLOURS -OFFICIAL CERTILOGO AUTHENTICATION LABEL,,,https://cdn.shopify.com/s/files/1/1248/9105/files/ac_trp_jersey_black_red_F_copy_26cc9475-0cbb-41b7-9d7a-d8ac5b728dc7.jpg?v=1761586061,https://uk.trapstarlondon.com/products/hyperdrive-striped-football-jersey-black-red,07122-XS,Trapstar,Shop All,In Stock,,uk.trapstarlondon.com
*PRE ORDER* Irongate Arch It's A Secret Tee - Black/Revolution Edition,£20.00,£45.00,,,Please note: This item will start dispatching from 9th January - Short sleeve T-shirt - Irongate Arch It's A Secret graphic on front - Machine wash cold,,,https://cdn.shopify.com/s/files/1/1248/9105/files/arch-1-tee.jpg?v=1700681621,https://uk.trapstarlondon.com/products/irongate-arch-its-a-secret-tee-black-revolution-edition,05575-XS,Trapstar,T-Shirts,Out of Stock,,uk.trapstarlondon.com
*PRE ORDER* TRP Print Tee - Black/Blue,£25.00,£45.00,,,Please note: This item will start dispatching from 9th January Short sleeve T-shirt 100% cotton Machine wash cold Regular fit Official Certilogo Authentication Label,,,https://cdn.shopify.com/s/files/1/1248/9105/files/010_0cb5bbbe-e4b3-447b-8e90-7f085abc52e8.jpg?v=1766602422,https://uk.trapstarlondon.com/products/trp-print-tee-black-blue,07359-XS,Trapstar,T-Shirts,In Stock,,uk.trapstarlondon.com
*PRE ORDER* TRP Print Tee - Black/Pink,£25.00,£45.00,,,Please note: This item will start dispatching from 9th January Short sleeve T-shirt 100% cotton Machine wash cold Regular fit Official Certilogo Authentication Label,,,https://cdn.shopify.com/s/files/1/1248/9105/files/09_f2f78de8-0ba2-4e6b-aa79-1b5935370a6a.jpg?v=1766602469,https://uk.trapstarlondon.com/products/trp-print-tee-black-pink,07358-XS,Trapstar,T-Shirts,In Stock,,uk.trapstarlondon.com
*PRE ORDER* TRP Print Tee - White/Blue,£25.00,£45.00,,,Please note: This item will start dispatching from 9th January Short sleeve T-shirt 100% cotton Machine wash cold Regular fit Official Certilogo Authentication Label,,,https://cdn.shopify.com/s/files/1/1248/9105/files/012_bf275240-2362-4214-942e-26f96edf12cd.jpg?v=1766602384,https://uk.trapstarlondon.com/products/trp-print-tee-white-blue,07361-XS,Trapstar,T-Shirts,In Stock,,uk.trapstarlondon.com
*PRE ORDER* TRP Print Tee - White/Pink,£25.00,£45.00,,,Please note: This item will start dispatching from 9th January Short sleeve T-shirt 100% cotton Machine wash cold Regular fit Official Certilogo Authentication Label,,,https://cdn.shopify.com/s/files/1/1248/9105/files/011_af69f3bd-a5cc-40cd-98ee-523d51903808.jpg?v=1766602320,https://uk.trapstarlondon.com/products/trp-print-tee-white-pink,07360-XS,Trapstar,T-Shirts,In Stock,,uk.trapstarlondon.com
*PRE ORDER* Trapstar Distortion Tee - Black/Teal,£25.00,£45.00,,,Please note: This item will start dispatching from 9th January - Short sleeve T-shirt - Trapstar Distortion graphic on front - Machine wash cold,,,https://cdn.shopify.com/s/files/1/1248/9105/files/blackfriday7.jpg?v=1700684461,https://uk.trapstarlondon.com/products/trapstar-distortion-tee-black-teal,05608-XS,Trapstar,T-Shirts,Out of Stock,,uk.trapstarlondon.com
*PRE ORDER* Trapstar x Ed Hardy Arch Tee - White*,£20.00,£45.00,,,Short Sleeve T-shirt Screen Printed Irongate Arch &amp; Ed Hardy Dragon on Left Chest 100% Cotton Machine Wash Cold Box Fit Official Certilogo Authentication Label,,,https://cdn.shopify.com/s/files/1/1248/9105/files/dragon-white.jpg?v=1739891456,https://uk.trapstarlondon.com/products/ed-hardy-tee-white,06802-XS,Trapstar,T-Shirts,Out of Stock,,uk.trapstarlondon.com
3 Peat Tee - Black*,£40.00,£45.00,,,- Short sleeve T-shirt - 100% cotton - Machine wash cold,,,https://cdn.shopify.com/s/files/1/1248/9105/files/3star-tee-black.jpg?v=1742561457,https://uk.trapstarlondon.com/products/3-star-tee-black,06874-XS,Trapstar,T-Shirts,Out of Stock,,uk.trapstarlondon.com
3D TS Tee - Black,£25.00,£45.00,,,- Short sleeve T-shirt - 100% cotton - 3D TS graphic on chest - Machine wash cold,,,https://cdn.shopify.com/s/files/1/1248/9105/products/3D-TS-Tee-black.jpg?v=1671795776,https://uk.trapstarlondon.com/products/3d-ts-tee-black,04764-XS,Trapstar,T-Shirts,In Stock,,uk.trapstarlondon.com
3D TS Tee - White,£25.00,£45.00,,,- Short sleeve T-shirt - 100% cotton - 3D TS graphic on chest - Machine wash cold,,,https://cdn.shopify.com/s/files/1/1248/9105/products/3D-TS-Tee-white.jpg?v=1671795777,https://uk.trapstarlondon.com/products/3d-ts-tee-white,04765-XS,Trapstar,T-Shirts,Out of Stock,,uk.trapstarlondon.com
Art Of War Camo Tee - Black,£25.00,£45.00,,,- Short sleeve T-shirt - 100% cotton - Machine wash cold,,,https://cdn.shopify.com/s/files/1/1248/9105/files/tigercamoaowecom2teeback.jpg?v=1761917001,https://uk.trapstarlondon.com/products/art-of-war-camo-tee-black,04010-XS,Trapstar,T-Shirts,In Stock,,uk.trapstarlondon.com
Bonus Stage 2.0 Tee - Black,£25.00,£45.00,,,- Short sleeve T-shirt - Bonus Stage 2.0 graphic on front - Machine wash cold,,,https://cdn.shopify.com/s/files/1/1248/9105/files/pixeltsblacktee.jpg?v=1761916794,https://uk.trapstarlondon.com/products/bonus-stage-2-0-tee-black,04521-XS,Trapstar,T-Shirts,In Stock,,uk.trapstarlondon.com
Bonus Stage 2.0 Tee - White,£25.00,£45.00,,,- Short sleeve T-shirt - Bonus Stage 2.0 graphic on front - Machine wash cold,,,https://cdn.shopify.com/s/files/1/1248/9105/files/pixeltswhitetee.jpg?v=1761916789,https://uk.trapstarlondon.com/products/bonus-stage-2-0-tee-white,04522-XS,Trapstar,T-Shirts,In Stock,,uk.trapstarlondon.com
Decoded All Terrain Tee - Black/Red Camo,£25.00,£45.00,,,Short sleeve t-shirt 100% cotton Decoded all terrain on chest &amp; back Machine wash cold Regular fit,,,https://cdn.shopify.com/s/files/1/1248/9105/products/camo-black-front-tee_6f830fe6-90d3-4016-93fe-d851c5c3fe21.jpg?v=1729260556,https://uk.trapstarlondon.com/products/decoded-all-terrain-tee-black-red-camo,04653-XS,Trapstar,T-Shirts,Out of Stock,,uk.trapstarlondon.com
Diamond In The Rough Tee - Black*,£25.00,£45.00,,,- Short sleeve T-shirt - 100% cotton - Diamond In The Rough graphic on chest - Machine wash cold,,,https://cdn.shopify.com/s/files/1/1248/9105/files/BLACKYELLOWSCRIPTSWIMSHORTS_B_8d07e24d-3f09-428c-88aa-f1268fe68cc4.jpg?v=1718301425,https://uk.trapstarlondon.com/products/diamond-in-the-rough-tee-black,05284-XS,Trapstar,T-Shirts,Out of Stock,,uk.trapstarlondon.com
Diamond In The Rough Tee - White*,£25.00,£45.00,,,- Short sleeve T-shirt - 100% cotton - Diamond In The Rough graphic on chest - Machine wash cold,,,https://cdn.shopify.com/s/files/1/1248/9105/files/BLACKYELLOWSCRIPTSWIMSHORTS_B_a99458fb-78cf-450e-8f5a-56e722b61e44.jpg?v=1718301397,https://uk.trapstarlondon.com/products/diamond-in-the-rough-tee-white,05285-XS,Trapstar,T-Shirts,In Stock,,uk.trapstarlondon.com
Dragon Tee - Black,£25.00,£45.00,,,Short Sleeve T-shirt 100% Cotton Machine Wash Cold Official Certilogo Authentication Label,,,https://cdn.shopify.com/s/files/1/1248/9105/files/01_900755d1-9e38-4d7b-a26d-b8ab60a99244.jpg?v=1748190048,https://uk.trapstarlondon.com/products/dragon-tee-black,07039-XS,Trapstar,T-Shirts,In Stock,,uk.trapstarlondon.com
Drop Out Tee - Black,£20.00,£45.00,,,- 100% Cotton T-Shirt - Irongate Graphic across centre chest - Machine Wash Cold,,,https://cdn.shopify.com/s/files/1/1248/9105/files/TrapLeagueBlack.jpg?v=1697822921,https://uk.trapstarlondon.com/products/drop-out-tee-black,05518-XS,Trapstar,T-Shirts,In Stock,,uk.trapstarlondon.com
Eternal Flame Tee - Black,£25.00,£45.00,,,Short Sleeve T-shirt 100% Cotton Machine Wash Cold Box Fit Official Certilogo Authentication Label,,,https://cdn.shopify.com/s/files/1/1248/9105/files/SamuraiBB.jpg?v=1746728626,https://uk.trapstarlondon.com/products/eternal-flame-tee-black,07016-XS,Trapstar,T-Shirts,In Stock,,uk.trapstarlondon.com
Extraordinary Tee - Black,£25.00,£45.00,,,- Short sleeve T-shirt - 100% cotton - Extraordinary graphic on chest - Machine wash cold,,,https://cdn.shopify.com/s/files/1/1248/9105/products/spacegirl-black-front.jpg?v=1679082716,https://uk.trapstarlondon.com/products/extraordinary-tee-black,05061-XS,Trapstar,T-Shirts,In Stock,,uk.trapstarlondon.com
Extraordinary Tee - White,£25.00,£45.00,,,- Short sleeve T-shirt - 100% cotton - Extraordinary graphic on chest - Machine wash cold,,,https://cdn.shopify.com/s/files/1/1248/9105/products/spacegirl-white-front.jpg?v=1679082799,https://uk.trapstarlondon.com/products/extraordinary-tee-white,05062-XS,Trapstar,T-Shirts,In Stock,,uk.trapstarlondon.com
Flying Birds Tee  - White,£25.00,£45.00,,,- PRE ORDER SHIPS 21/11 Short Sleeve T-shirt 100% Cotton Machine Wash Cold Official Certilogo Authentication Label,,,https://cdn.shopify.com/s/files/1/1248/9105/files/eagle-white-front_e817bbba-4a1a-4050-b1f1-701edbd3ef02.jpg?v=1748012662,https://uk.trapstarlondon.com/products/flying-birds-tee-white-1,07032-XS,Trapstar,T-Shirts,Out of Stock,,uk.trapstarlondon.com
Foundation Print Tee - Black/Grey,£25.00,£45.00,,,- Short sleeve T-shirt - 100% cotton - Machine wash cold,,,https://cdn.shopify.com/s/files/1/1248/9105/files/1T-Shirt_8d09c161-8a7a-40c8-a5e5-99ac92e97a0b.jpg?v=1752775248,https://uk.trapstarlondon.com/products/foundation-print-tee-black-grey,07112-XS,Trapstar,T-Shirts,In Stock,,uk.trapstarlondon.com
Foundation Print Tee - Black/Teal,£25.00,£45.00,,,- Short sleeve T-shirt - 100% cotton - Machine wash cold,,,https://cdn.shopify.com/s/files/1/1248/9105/files/T-Shirt_3c00f2b2-08b5-4c7c-9e8d-07de046d8413.jpg?v=1752775252,https://uk.trapstarlondon.com/products/foundation-print-tee-black-teal,07113-XS,Trapstar,T-Shirts,In Stock,,uk.trapstarlondon.com
Foundation Print Tee - Black/White,£25.00,£45.00,,,- Short sleeve T-shirt - 100% cotton - Machine wash cold,,,https://cdn.shopify.com/s/files/1/1248/9105/files/2T-Shirt_8d09c161-8a7a-40c8-a5e5-99ac92e97a0b.jpg?v=1752775244,https://uk.trapstarlondon.com/products/foundation-print-tee-black-white,07111-XS,Trapstar,T-Shirts,In Stock,,uk.trapstarlondon.com
Full Speed Camo Tee - Black,£20.00,£45.00,,,- Short sleeve T-shirt - 100% cotton - Full Speed Camo screen print on chest - Machine wash cold,,,https://cdn.shopify.com/s/files/1/1248/9105/products/novecom4.jpg?v=1636474204,https://uk.trapstarlondon.com/products/full-speed-camo-tee-black,03456-XS,Trapstar,T-Shirts,In Stock,,uk.trapstarlondon.com
Halftone Tee  2.0 - White,£25.00,£45.00,,,- Short sleeve T-shirt - 100% cotton - Machine wash cold,,,https://cdn.shopify.com/s/files/1/1248/9105/files/09_6883f5c7-2225-49d8-af33-39e772c64265.jpg?v=1728060897,https://uk.trapstarlondon.com/products/halftone-tee-2-0-white,06822-XS,Trapstar,T-Shirts,In Stock,,uk.trapstarlondon.com
Hot Rod Strikeout Tee - Black,£25.00,£45.00,,,- Short sleeve T-shirt - 100% cotton - Hot Rod Strikeout graphic on chest - Machine wash cold,,,https://cdn.shopify.com/s/files/1/1248/9105/files/imagereplacement_f8660dcf-6198-42d9-a10e-77aeb6c31906.jpg?v=1721739571,https://uk.trapstarlondon.com/products/hot-rod-strikeout-tee-black,04907-XS,Trapstar,T-Shirts,In Stock,,uk.trapstarlondon.com
Hot Rod Strikeout Tee - White,£25.00,£45.00,,,- Short sleeve T-shirt - 100% cotton - Hot Rod Strikeout graphic on chest - Machine wash cold,,,https://cdn.shopify.com/s/files/1/1248/9105/files/flame-strikeout-tee-white-front_ec4bcf78-0ea1-423a-be21-f0eb80d0518f.jpg?v=1761918080,https://uk.trapstarlondon.com/products/hot-rod-strikeout-tee-white,04908-XS,Trapstar,T-Shirts,In Stock,,uk.trapstarlondon.com
Irongate T Badge Tee - Black,£20.00,£45.00,,,-100% COTTON -WOVEN CREST ON LEFT CHEST-REGULAR FIT,,,https://cdn.shopify.com/s/files/1/1248/9105/files/BLACKWHITEFOOTBALLBADGETSHIRT_B.jpg?v=1723120488,https://uk.trapstarlondon.com/products/irongate-t-badge-tee-black,06185-XS,Trapstar,T-Shirts,In Stock,,uk.trapstarlondon.com
It's a Secret Tee 2.0 - Black/Blue,£25.00,£45.00,,,- 100% cotton - Machine wash cold,,,https://cdn.shopify.com/s/files/1/1248/9105/files/1secret-tee-black_1.jpg?v=1704472839,https://uk.trapstarlondon.com/products/its-a-secret-tee-2-0-black-blue-1,05708-XS,Trapstar,T-Shirts,In Stock,,uk.trapstarlondon.com
Knight Tee - Black,£20.00,£45.00,,,- Short sleeve T-shirt - 100% cotton - Machine wash cold,,,https://cdn.shopify.com/s/files/1/1248/9105/files/knight-tee.jpg?v=1742561627,https://uk.trapstarlondon.com/products/knight-tee-black,06876-XS,Trapstar,T-Shirts,In Stock,,uk.trapstarlondon.com
Never Miss Tee - Black,£25.00,£45.00,,,- Short sleeve T-shirt - 100% cotton - Never Miss graphic on chest - Machine wash cold,,,https://cdn.shopify.com/s/files/1/1248/9105/products/Never-miss-black-tee.jpg?v=1669211048,https://uk.trapstarlondon.com/products/never-miss-tee-black,04650-XS,Trapstar,T-Shirts,In Stock,,uk.trapstarlondon.com
Never Miss Tee - White,£25.00,£45.00,,,- Short sleeve T-shirt - 100% cotton - Never Miss graphic on chest - Machine wash cold,,,https://cdn.shopify.com/s/files/1/1248/9105/products/Never-miss-white-tee.jpg?v=1669211035,https://uk.trapstarlondon.com/products/never-miss-tee-white,04651-XS,Trapstar,T-Shirts,In Stock,,uk.trapstarlondon.com
SS It's A Secret Tee - Black,£20.00,£45.00,,,- Short sleeve T-shirt - 100% cotton - Machine wash cold,,,https://cdn.shopify.com/s/files/1/1248/9105/files/eagle-black-front.jpg?v=1713978137,https://uk.trapstarlondon.com/products/ss24-its-a-secret-tee-black,06114-XS,Trapstar,T-Shirts,Out of Stock,,uk.trapstarlondon.com
Script Tee  - Black/Teal,£25.00,£45.00,,,- Short sleeve T-shirt - 100% cotton - Machine wash cold,,,https://cdn.shopify.com/s/files/1/1248/9105/files/tshirt4front.jpg?v=1703265139,https://uk.trapstarlondon.com/products/script-tee-black-teal,05682-XS,Trapstar,T-Shirts,In Stock,,uk.trapstarlondon.com
Script Tee  - White/Teal,£25.00,£45.00,,,- Short sleeve T-shirt - 100% cotton - Machine wash cold,,,https://cdn.shopify.com/s/files/1/1248/9105/files/whitetee4front.jpg?v=1703265168,https://uk.trapstarlondon.com/products/script-tee-white-teal,05683-XS,Trapstar,T-Shirts,In Stock,,uk.trapstarlondon.com
Sharpshooter Tee - Black,£25.00,£45.00,,,- Short sleeve T-shirt - 100% cotton - Sharpshooter graphic on chest - Machine wash cold,,,https://cdn.shopify.com/s/files/1/1248/9105/files/imagereplacement_2e5dd564-1be4-4e52-ba73-037825463601.jpg?v=1721739601,https://uk.trapstarlondon.com/products/sharpshooter-tee-black,04253-XS,Trapstar,T-Shirts,In Stock,,uk.trapstarlondon.com
Sharpshooter Tee - White,£25.00,£45.00,,,- Short sleeve T-shirt - 100% cotton - Sharpshooter graphic on chest - Machine wash cold,,,https://cdn.shopify.com/s/files/1/1248/9105/files/TSHIRTS_00000.jpg?v=1761914531,https://uk.trapstarlondon.com/products/sharpshooter-tee-white,04254-XS,Trapstar,T-Shirts,In Stock,,uk.trapstarlondon.com
Shooters Playoff Tee - Black,£20.00,£45.00,,,- Short sleeve T-shirt - 100% cotton - Rockstar graphic on chest &amp; back - Machine wash cold,,,https://cdn.shopify.com/s/files/1/1248/9105/files/shooters-black.jpg?v=1684429715,https://uk.trapstarlondon.com/products/shooters-playoff-tee-black,05166-xs,Trapstar,T-Shirts,Out of Stock,,uk.trapstarlondon.com
TRP Print Tee - Black,£20.00,£45.00,,,,,,https://cdn.shopify.com/s/files/1/1248/9105/files/TRP.jpg?v=1741858536,https://uk.trapstarlondon.com/products/trp-print-tee-black,06828-XS,Trapstar,T-Shirts,In Stock,,uk.trapstarlondon.com
TRP Ransom Tee  - Black,£25.00,£45.00,,,Short Sleeve T-shirt 100% Cotton Machine Wash Cold Official Certilogo Authentication Label,,,https://cdn.shopify.com/s/files/1/1248/9105/files/TRP-black.jpg?v=1748012725,https://uk.trapstarlondon.com/products/trp-ransom-tee-black,07038-XS,Trapstar,T-Shirts,Out of Stock,,uk.trapstarlondon.com
TRP Tee - Black/Wildcard Edition,£25.00,£45.00,,,- Short sleeve T-shirt - 100% cotton - TRP Wildcard Edition graphic on chest - Machine wash cold,,,https://cdn.shopify.com/s/files/1/1248/9105/files/rrevd.jpg?v=1697198518,https://uk.trapstarlondon.com/products/trp-tee-black-wildcard-edition,04385-XS,Trapstar,T-Shirts,In Stock,,uk.trapstarlondon.com
TRP Tee - White/Wildcard Edition,£25.00,£45.00,,,- Short sleeve T-shirt - 100% cotton - TRP Wildcard Edition graphic on chest - Machine wash cold,,,https://cdn.shopify.com/s/files/1/1248/9105/files/WildcardEcomogwhite.jpg?v=1761914410,https://uk.trapstarlondon.com/products/trp-tee-white-wildcard-edition,04386-XS,Trapstar,T-Shirts,In Stock,,uk.trapstarlondon.com
TS All Stars Tee - Black,£25.00,£45.00,,,- Short sleeve T-shirt - TS All Stars graphic on chest &amp; back - 100% cotton - Machine wash cold,,,https://cdn.shopify.com/s/files/1/1248/9105/products/TS-allstars-back-black.jpg?v=1658500446,https://uk.trapstarlondon.com/products/ts-all-stars-tee-black,04379-XS,Trapstar,T-Shirts,In Stock,,uk.trapstarlondon.com
TS Flame Print Tee - Black,£20.00,£45.00,,,Short Sleeve T-shirt TS Flame Print Graphic 100% Cotton Machine Wash Cold Regular Fit Official Certilogo Authentication Label,,,https://cdn.shopify.com/s/files/1/1248/9105/files/TSFlameTee.jpg?v=1734090069,https://uk.trapstarlondon.com/products/ts-flame-print-tee-black,06660-XS,Trapstar,T-Shirts,In Stock,,uk.trapstarlondon.com
TS Team Tee - Black,£25.00,£45.00,,,- Short sleeve T-shirt - 100% cotton - Machine wash cold,,,https://cdn.shopify.com/s/files/1/1248/9105/files/nba-logo-black.jpg?v=1751566392,https://uk.trapstarlondon.com/products/ts-team-tee-black,07090-XS,Trapstar,T-Shirts,In Stock,,uk.trapstarlondon.com
TS Team Tee - White,£25.00,£45.00,,,- Short sleeve T-shirt - 100% cotton - Machine wash cold,,,https://cdn.shopify.com/s/files/1/1248/9105/files/nba-logo-white.jpg?v=1751567250,https://uk.trapstarlondon.com/products/ts-team-tee-white,07089-XS,Trapstar,T-Shirts,In Stock,,uk.trapstarlondon.com
TS-Star Tee - Black/White,£20.00,£45.00,,,- T-Shirt - 100% Cotton - TS Star Tee graphic on across chest - Machine Wash Cold,,,https://cdn.shopify.com/s/files/1/1248/9105/files/WildcardTee.jpg?v=1697773548,https://uk.trapstarlondon.com/products/ts-star-tee-black-white,05514-XS,Trapstar,T-Shirts,Out of Stock,,uk.trapstarlondon.com
Trap Invasion Tee - Black,£25.00,£45.00,,,- Short sleeve T-shirt - 100% cotton - Trap Invasion graphic on chest &amp; back - Machine wash cold,,,https://cdn.shopify.com/s/files/1/1248/9105/files/InvasionBlackteeback.jpg?v=1686847332,https://uk.trapstarlondon.com/products/trap-invasion-tee-black,05246-XS,Trapstar,T-Shirts,In Stock,,uk.trapstarlondon.com
Trap Invasion Tee - White,£25.00,£45.00,,,Short Sleeve T-shirt Trap Invasion Print Graphic 100% Cotton Machine Wash Cold Regular Fit Official Certilogo Authentication Label,,,https://cdn.shopify.com/s/files/1/1248/9105/files/InvasionWhiteteeback.jpg?v=1686847344,https://uk.trapstarlondon.com/products/trap-invasion-tee-white,05247-XS,Trapstar,T-Shirts,In Stock,,uk.trapstarlondon.com
Trapstar Eagle Tee - Black,£25.00,£45.00,,,- Short sleeve T-shirt - 100% cotton - Machine wash cold,,,https://cdn.shopify.com/s/files/1/1248/9105/files/eagle-back-black.jpg?v=1752851607,https://uk.trapstarlondon.com/products/trapstar-eagle-tee-black,07120-XS,Trapstar,T-Shirts,In Stock,,uk.trapstarlondon.com
Trapstar London It's A Secret Tee SS25 - Black,£20.00,£45.00,,,Short Sleeve T-shirt 100% Cotton Machine Wash Cold Box Fit Official Certilogo Authentication Label,,,https://cdn.shopify.com/s/files/1/1248/9105/files/01_205d00b7-2676-424c-9966-92828a64065f.jpg?v=1746356968,https://uk.trapstarlondon.com/products/trapstar-london-its-a-secret-tee-ss25-black,06973-XS,Trapstar,T-Shirts,In Stock,,uk.trapstarlondon.com
Trapstar Script 2.0 Tee - Black,£25.00,£45.00,,,Short sleeve T-shirt Trapstar Script 2.0 graphic on front and back Regular Fit Machine wash cold Official Certilogo Authentication Label,,,https://cdn.shopify.com/s/files/1/1248/9105/files/srcipt-arch-tee-back-black.jpg?v=1734279856,https://uk.trapstarlondon.com/products/trapstar-script-2-0-tee-black,05583-XS,Trapstar,T-Shirts,In Stock,,uk.trapstarlondon.com
Trapstar Script 2.0 Tee - White,£25.00,£45.00,,,Short sleeve T-shirt Trapstar Script 2.0 graphic on front Machine wash cold Official Certilogo Authentication Label,,,https://cdn.shopify.com/s/files/1/1248/9105/files/srcipt-arch-tee-back-white.jpg?v=1734278107,https://uk.trapstarlondon.com/products/trapstar-script-2-0-tee-white,05584-XS,Trapstar,T-Shirts,In Stock,,uk.trapstarlondon.com
Wall to Wall Tee - Black,£25.00,£45.00,,,- Short sleeve T-shirt - 100% cotton - Wall to Wall graphic on chest &amp; back - Machine wash cold,,,https://cdn.shopify.com/s/files/1/1248/9105/files/Subway-black-back.jpg?v=1682678521,https://uk.trapstarlondon.com/products/wall-to-wall-tee-black,05178-XS,Trapstar,T-Shirts,In Stock,,uk.trapstarlondon.com
Wall to Wall Tee - White,£25.00,£45.00,,,- Short sleeve T-shirt - 100% cotton - Wall to Wall graphic on chest &amp; back - Machine wash cold,,,https://cdn.shopify.com/s/files/1/1248/9105/files/Subway-white-back.jpg?v=1682678482,https://uk.trapstarlondon.com/products/wall-to-wall-tee-white,05179-XS,Trapstar,T-Shirts,In Stock,,uk.trapstarlondon.com
Wild Roses Tee - Black,£25.00,£45.00,,,- Short sleeve T-shirt - 100% cotton - Machine wash cold,,,https://cdn.shopify.com/s/files/1/1248/9105/products/FlowerBlack.jpg?v=1654607144,https://uk.trapstarlondon.com/products/wild-roses-tee-black,04218-XS,Trapstar,T-Shirts,In Stock,,uk.trapstarlondon.com
Wild Roses Tee - White,£25.00,£45.00,,,- Short sleeve T-shirt - 100% cotton - Machine wash cold,,,https://cdn.shopify.com/s/files/1/1248/9105/products/FlowerWhite.jpg?v=1654607129,https://uk.trapstarlondon.com/products/wild-roses-tee-white,04219-XS,Trapstar,T-Shirts,In Stock,,uk.trapstarlondon.com
You Cruise You Lose Tee - Black,£25.00,£45.00,,,- Short sleeve T-shirt - 100% cotton - You Cruise You Lose graphic on back &amp; chest - Machine wash cold,,,https://cdn.shopify.com/s/files/1/1248/9105/products/TSHIRTS_00005.png?v=1655390535,https://uk.trapstarlondon.com/products/you-cruise-you-lose-tee-black,04252-XS,Trapstar,T-Shirts,Out of Stock,,uk.trapstarlondon.com
You Cruise You Lose Tee - White,£25.00,£45.00,,,- Short sleeve T-shirt - 100% cotton - You Cruise You Lose graphic on back &amp; chest - Machine wash cold,,,https://cdn.shopify.com/s/files/1/1248/9105/products/TSHIRTS_00003.png?v=1655390421,https://uk.trapstarlondon.com/products/you-cruise-you-lose-tee-white,04251-XS,Trapstar,T-Shirts,Out of Stock,,uk.trapstarlondon.com
*PRE ORDER*  Irongate Arch Tracksuit - Black/Grey,£115.00,£145.00,,,Hoodie &amp; Jogger - 80% Cotton / 20% Polyester - Hooded sweatshirt - Irongate Arch fade graphic screen printed on chest - irongate Arch fade graphic screen printed on bottoms - Drawstring closure at waist w/ metal aglets - Machine wash cold - Joggers: Regular core fit,,,https://cdn.shopify.com/s/files/1/1248/9105/files/04_7ee8fced-0ed6-45df-a3af-d472ed30c689.jpg?v=1762354607,https://uk.trapstarlondon.com/products/irongate-arch-tracksuit-black-grey,07282-XS,Trapstar,Tracksuits,Out of Stock,,uk.trapstarlondon.com
*PRE ORDER* Decoded Print Tracksuit - Black/Blue,£115.00,£145.00,,,Please note: This item will start dispatching from 9th January,,,https://cdn.shopify.com/s/files/1/1248/9105/files/01_74ef656b-5b4b-448f-af86-af14ccda7d5c.jpg?v=1766602710,https://uk.trapstarlondon.com/products/decoded-print-tracksuit-black-blue,07350-XS,Trapstar,Tracksuits,Out of Stock,,uk.trapstarlondon.com
*PRE ORDER* Decoded Print Tracksuit - Black/Orange,£115.00,£145.00,,,Please note: This item will start dispatching from 9th January,,,https://cdn.shopify.com/s/files/1/1248/9105/files/02_6e6a8970-36d4-494f-b977-0820aa6e2244.jpg?v=1766602682,https://uk.trapstarlondon.com/products/decoded-print-tracksuit-black-orange,07351-XS,Trapstar,Tracksuits,Out of Stock,,uk.trapstarlondon.com
*PRE ORDER* Decoded Print Tracksuit - Grey/Blue,£115.00,£145.00,,,Please note: This item will start dispatching from 9th January,,,https://cdn.shopify.com/s/files/1/1248/9105/files/03_90e31297-61b4-46c5-9e14-4b83e031171f.jpg?v=1766602634,https://uk.trapstarlondon.com/products/decoded-print-tracksuit-grey-blue,07352-XS,Trapstar,Tracksuits,Out of Stock,,uk.trapstarlondon.com
*PRE ORDER* Decoded Print Tracksuit - Grey/Orange,£115.00,£145.00,,,Please note: This item will start dispatching from 9th January,,,https://cdn.shopify.com/s/files/1/1248/9105/files/04_d46f3280-de76-4dab-b4e0-54e29b7a1ab6.jpg?v=1766602660,https://uk.trapstarlondon.com/products/decoded-print-tracksuit-grey-orange,07353-XS,Trapstar,Tracksuits,Out of Stock,,uk.trapstarlondon.com
*PRE ORDER* Decoded Tracksuit - Black Monochrome,£115.00,£145.00,,,Please note: This item will start dispatching from 9th January Hoodie &amp; Jogger - 80% Cotton / 20% Polyester - Hooded sweatshirt - Decoded graphic screen printed on chest - Decoded graphic screen printed on bottoms - Drawstring closure at waist w/ metal aglets - Machine wash cold - Joggers: Regular core fit,,,https://cdn.shopify.com/s/files/1/1248/9105/files/1PHOTO-2025-09-25-12-38-18.jpg?v=1760379683,https://uk.trapstarlondon.com/products/decoded-gel-tracksuit-black-monochrome,07280-XS,Trapstar,Tracksuits,Out of Stock,,uk.trapstarlondon.com
*PRE ORDER* Hyperdrive Chrome Hoodie Tracksuit - Black/Infrared,£115.00,£145.00,,,Please note: This item will start dispatching from 9th January Hoodie &amp; Jogger - 80% Cotton / 20% Polyester - Hooded sweatshirt - Chrome hyperdrive logo across chest - Drawstring closure at waist w/ metal aglets - Machine wash cold - Regular fit,,,https://cdn.shopify.com/s/files/1/1248/9105/files/hyperdrivechromeredtracksuit.jpg?v=1700672976,https://uk.trapstarlondon.com/products/hyperdrive-chrome-hoodie-tracksuit-black-infrared,05589-XS,Trapstar,Tracksuits,Out of Stock,,uk.trapstarlondon.com
*PRE ORDER* Irongate Arch Fade Tracksuit -Grey/Teal,£115.00,£145.00,,,Hoodie &amp; Jogger - 80% Cotton / 20% Polyester - - Irongate Arch fade graphic screen printed on chest - irongate Arch fade graphic screen printed on bottoms - Drawstring closure at waist w/ metal aglets - Machine wash cold - Joggers: Regular core fit,,,https://cdn.shopify.com/s/files/1/1248/9105/files/01_25fb93bb-3f86-4ac9-b555-0bf519404533.jpg?v=1762354612,https://uk.trapstarlondon.com/products/irongate-arch-fade-tracksuit-grey-teal,07246-XS,Trapstar,Tracksuits,Out of Stock,,uk.trapstarlondon.com
*PRE ORDER* Irongate Arch Tracksuit - Grey/Black,£115.00,£145.00,,,Please note: This item will start dispatching from 9th January Hoodie &amp; Jogger - 80% Cotton / 20% Polyester - Hooded sweatshirt - Irongate Arch fade graphic screen printed on chest - irongate Arch fade graphic screen printed on bottoms - Drawstring closure at waist w/ metal aglets - Machine wash cold - Joggers: Regular core fit,,,https://cdn.shopify.com/s/files/1/1248/9105/files/03_41f19112-7f21-4a53-abdb-94dffc5522b6.jpg?v=1762354603,https://uk.trapstarlondon.com/products/irongate-arch-tracksuit-grey-black,07281-XS,Trapstar,Tracksuits,Out of Stock,,uk.trapstarlondon.com
*PRE ORDER* TRP Dragon Tracksuit - Back,£105.00,£145.00,,,Please note: This item will start dispatching from 9th January,,,https://cdn.shopify.com/s/files/1/1248/9105/files/0101.jpg?v=1766698790,https://uk.trapstarlondon.com/products/trp-dragon-tracksuit-back,07362-XS,Trapstar,Tracksuits,Out of Stock,,uk.trapstarlondon.com
*PRE ORDER* TS Print Tracksuit - Black,£105.00,£145.00,,,Please note: This item will start dispatching from 9th January - Hoodie w/ Bottoms - Hoodie &amp; Bottoms 80% Cotton / 20% Polyester - TS Logo on Chest - TS Logo on Bottoms - Machine wash cold,,,https://cdn.shopify.com/s/files/1/1248/9105/files/LeeTracksuit.jpg?v=1741858526,https://uk.trapstarlondon.com/products/ts-print-tracksuit-black,06830-XS,Trapstar,Tracksuits,Out of Stock,,uk.trapstarlondon.com
TRAPSTAR COBRA T BAG - BLACK / BLACK,£50.00,£80.00,,,- Irongate T Logo - 100% Nylon - 2 Functional compartments - Adjustable Trapstar nylon strap with buckle closure,,,https://cdn.shopify.com/s/files/1/0533/7612/3068/files/5_53bdebd6-14f2-4cb8-a531-9e9c1931e783.png?v=1729705396,https://hypelockeruk.com/products/trapstar-cobra-t-bag-black-black,,Trapstar,Bags,In Stock,,hypelockeruk.com
TRAPSTAR COBRA T BAG - BLACK / REFLECTIVE,£50.00,£80.00,,,Colour: Black/Reflective - Irongate T Logo - 100% nylon - 2 Functional compartments - Adjustable Trapstar nylon strap with buckle closure - Buckle closure,,,https://cdn.shopify.com/s/files/1/0533/7612/3068/files/2_6cc2bbba-90a3-4bd3-9977-63636c814eda.png?v=1729705396,https://hypelockeruk.com/products/trapstar-cobra-t-bag-black-reflective,,Trapstar,Bags,Out of Stock,,hypelockeruk.com
TRAPSTAR COBRA T BAG - BLACK / SILVER,£50.00,£80.00,,,- Irongate T Logo - 100% Nylon - 2 Functional compartments - Adjustable Trapstar nylon strap with buckle closure,,,https://cdn.shopify.com/s/files/1/0533/7612/3068/files/1_65556ba4-2f40-49ef-bf21-fe2878cf90ff.png?v=1729705396,https://hypelockeruk.com/products/trapstar-cobra-t-bag-black-silver,,Trapstar,Bags,In Stock,,hypelockeruk.com
TRAPSTAR IRONGATE T CROSS-BODY BAG - BLACK,£50.00,£80.00,,,Irongate T Logo - 100% cotton - 2 Functional compartments - Adjustable Trapstar nylon strap with buckle closure - Buckle closure.,,,https://cdn.shopify.com/s/files/1/0533/7612/3068/files/6_3238ed9e-50ef-47d6-a478-4abcb5b6a7b8.png?v=1729705396,https://hypelockeruk.com/products/trapstar-irongate-t-cross-body-bag-black,,Trapstar,Bags,Out of Stock,,hypelockeruk.com
TRAPSTAR IRONGATE T CROSS-BODY BAG - BLACK / REFLECTIVE,£50.00,£80.00,,,Irongate T Logo - 100% cotton - 2 Functional compartments - Adjustable Trapstar nylon strap with buckle closure - Buckle closure.,,,https://cdn.shopify.com/s/files/1/0533/7612/3068/files/3_7db28936-6225-4fc6-98d1-725bac7ef900.png?v=1729705395,https://hypelockeruk.com/products/trapstar-irongate-t-cross-body-bag-black-reflective,,Trapstar,Bags,In Stock,,hypelockeruk.com
TRAPSTAR IRONGATE T CROSS-BODY BAG - BLACK EDITION,£50.00,£80.00,,,Irongate T Logo - 100% cotton - 2 Functional compartments - Adjustable Trapstar nylon strap with buckle closure - Buckle closure.,,,https://cdn.shopify.com/s/files/1/0533/7612/3068/files/4_b36d3ebc-f840-457c-b1c7-8230f6239a1e.png?v=1729705396,https://hypelockeruk.com/products/trapstar-irongate-t-cross-body-bag-black-edition,,Trapstar,Bags,In Stock,,hypelockeruk.com
TRAPSTAR X CENTRAL CEE T BAG - BLACK / ROSE GOLD,£50.00,£80.00,,,Rose gold outline T and Cobra clip fastening Mesh overlay front Decoded woven label on side Adjustable branded webbing strap Zip closure under flap Internal zip pocket 100% Water-repellant nylon 100% Polyester lining Official Certilogo Authenticator Label,,,https://cdn.shopify.com/s/files/1/0533/7612/3068/files/Untitleddesign-2024-12-12T205026.982.png?v=1734036640,https://hypelockeruk.com/products/trapstar-x-central-cee-t-bag-black-rose-gold,,Trapstar,Bags,Out of Stock,,hypelockeruk.com
TRAPSTAR X CENTRAL CEE HOODIE - BLACK,£50.00,£80.00,,,Title graphic screen print on front CRG screen print on back Regular fit 100% Cotton Trapstar Clothing fits true to size. Size guide shown in final image.,,,https://cdn.shopify.com/s/files/1/0533/7612/3068/files/Untitleddesign-2024-12-14T004723.146.png?v=1734137464,https://hypelockeruk.com/products/trapstar-x-central-cee-hoodie-black,,Trapstar,Hoodies,In Stock,,hypelockeruk.com
TRAPSTAR X CENTRAL CEE HOODIE - GREY,£50.00,£80.00,,,Title graphic screen print on front CRG screen print on back Regular fit 100% Cotton Trapstar Clothing fits true to size. Size guide shown in final image.,,,https://cdn.shopify.com/s/files/1/0533/7612/3068/files/Untitleddesign-2024-12-14T005538.614.png?v=1734137772,https://hypelockeruk.com/products/trapstar-x-central-cee-hoodie-grey,,Trapstar,Hoodies,In Stock,,hypelockeruk.com
TRAPSTAR DECODED HOODED PUFFER JACKET 2.0 - DAZZLING BLUE,£199.00,£350.00,,,- Decoded Logo embroidery on back - Decoded Logo embroidery on Placket - Embossed Contrast Stitch Irongate T on hood - Branded Metal Zip Puller - Adjustable waist bungee cord - Inner zip pocket - Official Certilogo Authentification label Size Guide shown in final image. We recommend going one size up from your usual size.,,,https://cdn.shopify.com/s/files/1/0533/7612/3068/files/18_00d2012c-c077-4bc3-9216-6993d0ee8822.png?v=1729699804,https://hypelockeruk.com/products/trapstar-decoded-hooded-puffer-jacket-2-0-dazzling-blue,,Trapstar,Jackets,In Stock,,hypelockeruk.com
TRAPSTAR DECODED HOODED PUFFER JACKET 2.0 - GREY,£199.00,£350.00,,,- Decoded Logo embroidery on back - Decoded Logo embroidery on Placket - Embossed Contrast Stitch Irongate T on hood - Branded Metal Zip Puller - Adjustable waist bungee cord - Inner zip pocket - Official Certilogo Authentification label Size Guide shown in final image. We recommend going one size up from your usual size.,,,https://cdn.shopify.com/s/files/1/0533/7612/3068/files/20_e4e51599-e799-408d-b9f6-cdffa099647e.png?v=1729699820,https://hypelockeruk.com/products/trapstar-decoded-hooded-puffer-jacket-2-0-grey,,Trapstar,Jackets,Out of Stock,,hypelockeruk.com
TRAPSTAR DECODED HOODED PUFFER JACKET 2.0 - ICE BLUE,£199.00,£350.00,,,- Decoded Logo embroidery on back - Decoded Logo embroidery on Placket - Embossed Contrast Stitch Irongate T on hood - Branded Metal Zip Puller - Adjustable waist bungee cord - Inner zip pocket - Official Certilogo Authentification label Size Guide shown in final image. We recommend going one size up from your usual size.,,,https://cdn.shopify.com/s/files/1/0533/7612/3068/files/19_b1bed97a-ca79-4aa1-8faa-c4ccfe2aff18.png?v=1729699797,https://hypelockeruk.com/products/trapstar-decoded-hooded-puffer-jacket-2-0-ice-blue,,Trapstar,Jackets,Out of Stock,,hypelockeruk.com
TRAPSTAR DECODED PUFFER JACKET - BLACK / ORANGE,£199.00,£350.00,,,Trapstar Jackets fit true to size. Size Guide shown in final image.,,,https://cdn.shopify.com/s/files/1/0533/7612/3068/files/1_9b90ae05-13ac-4093-8941-dab2e6aea05f.png?v=1760471171,https://hypelockeruk.com/products/trapstar-decoded-puffer-jacket-black-orange,,Trapstar,Jackets,In Stock,,hypelockeruk.com
TRAPSTAR HYPERDRIVE DETACHABLE HOODED PUFFER JACKET - ICE BLUE,£199.00,£350.00,,,"- Detachable Zip-On/Off Hood. - Quilted Outerwear Jacket Slim Fit - Silicone Hyperdrive patch on left chest - Embroidered Hyperdrive logo on back - We do recommend sizing up for a more relaxed fit, please view Size Guide in final image.",,,https://cdn.shopify.com/s/files/1/0533/7612/3068/files/22_073b923a-4cf3-490e-9a51-a304136adfda.png?v=1729699759,https://hypelockeruk.com/products/trapstar-hyperdrive-detachable-hooded-puffer-jacket-ice-blue,,Trapstar,Jackets,In Stock,,hypelockeruk.com
TRAPSTAR HYPERDRIVE RIPSTOP PUFFER JACKET - BLACK / BLUE,£199.00,£350.00,,,Raised Hyperdrive embroidery T logo on left chest Raised Hyperdrive embroidery logo on back Zipper closure on front with branded puller Zipper pockets on front with bungee puller Internal pocket with zip closure 100% Polyester Dry clean Official Certilogo authentication label Trapstar Jackets fit true to size. Size Guide shown in final image.,,,https://cdn.shopify.com/s/files/1/0533/7612/3068/files/Untitleddesign-2024-12-31T115806.273.png?v=1735646331,https://hypelockeruk.com/products/trapstar-hyperdrive-ripstop-puffer-jacket-black-blue,,Trapstar,Jackets,In Stock,,hypelockeruk.com
TRAPSTAR HYPERDRIVE RIPSTOP PUFFER JACKET - BLACKOUT,£199.00,£350.00,,,Raised Hyperdrive embroidery T logo on left chest Raised Hyperdrive embroidery logo on back Zipper closure on front with branded puller Zipper pockets on front with bungee puller Internal pocket with zip closure 100% Polyester Dry clean Official Certilogo authentication label Trapstar Jackets fit true to size. Size Guide shown in final image.,,,https://cdn.shopify.com/s/files/1/0533/7612/3068/files/Untitleddesign-2025-01-11T121753.688.png?v=1736597896,https://hypelockeruk.com/products/trapstar-hyperdrive-ripstop-puffer-jacket-blackout,,Trapstar,Jackets,Out of Stock,,hypelockeruk.com
TRAPSTAR HYPERDRIVE RIPSTOP PUFFER JACKET - BLUE / ORANGE,£199.00,£350.00,,,Raised Hyperdrive embroidery T logo on left chest Raised Hyperdrive embroidery logo on back Zipper closure on front with branded puller Zipper pockets on front with bungee puller Internal pocket with zip closure 100% Polyester Dry clean Official Certilogo authentication label Trapstar Jackets fit true to size. Size Guide shown in final image.,,,https://cdn.shopify.com/s/files/1/0533/7612/3068/files/Untitled_design_-_2025-01-11T122155.645.png?v=1736598261,https://hypelockeruk.com/products/trapstar-hyperdrive-ripstop-puffer-jacket-blue-orange,,Trapstar,Jackets,In Stock,,hypelockeruk.com
TRAPSTAR HYPERDRIVE TECHNICAL PUFFER JACKET - BLACK / REFLECTIVE,£199.00,£350.00,,,"- 100% Polyester with DWR coating - Padded front placket with 3D Print - Tonal 3d rubber branding on reverse - Bungee cord system on hood - PU coated reverse coil zips - Arm seam brought to front with concealed pocket - Official Certilogo Authentication label We recommend going one size up from your normal size, for a more relaxed fit. Please view Size Guide in final image.",,,https://cdn.shopify.com/s/files/1/0533/7612/3068/files/13_f096b484-5794-4b87-8c94-4f48dbdff411.png?v=1729699838,https://hypelockeruk.com/products/trapstar-hyperdrive-technical-puffer-jacket-black-reflective,,Trapstar,Jackets,Out of Stock,,hypelockeruk.com
TRAPSTAR HYPERDRIVE TECHNICAL PUFFER JACKET - LIGHT GREY,£199.00,£350.00,,,"We recommend going one size up from your normal size, for a more relaxed fit. Please view Size Guide in final image.",,,https://cdn.shopify.com/s/files/1/0533/7612/3068/files/29_475e24de-e10b-4fbb-9977-19f9a212d63c.png?v=1729699811,https://hypelockeruk.com/products/trapstar-hyperdrive-technical-puffer-jacket-light-grey,,Trapstar,Jackets,Out of Stock,,hypelockeruk.com
TRAPSTAR IRONGATE ARCH HOODED PUFFER JACKET - LIGHT BLUE,£199.00,£350.00,,,"Stay ahead of the style game with the Trapstar Irongate Hooded Puffer Jacket in Light Blue. Elevate your winter wardrobe with this bold, streetwear-inspired essential. This jacket fits true to size. Size Guide shown in final image.",,,https://cdn.shopify.com/s/files/1/0533/7612/3068/files/Untitleddesign-2024-12-30T214842.169.png?v=1735595456,https://hypelockeruk.com/products/trapstar-irongate-arch-hooded-puffer-jacket-light-blue,,Trapstar,Jackets,In Stock,,hypelockeruk.com
TRAPSTAR IRONGATE ARCH PIPING PUFFER JACKET - BLACK / ORANGE,£199.00,£350.00,,,Zip closure with branded Irongate webbing puller Irongate T applique on left chest Irongate arch applique on back Contrast arched piping detail on sleeves and body Pockets with zip closure Internal zipped pocket Sleeves with internal ribbed cuff Bungee cord adjustable hem and hood Official Certilogo authentication label Outer 100% polyamide Lining 100% polyamide Insulation 100% polyester Delicate machine wash 30°C This jacket fits true to size. Size Guide shown in final image (all measurements,,,https://cdn.shopify.com/s/files/1/0533/7612/3068/files/Untitled_design_-_2025-10-14T201512.072.png?v=1760469440,https://hypelockeruk.com/products/trapstar-irongate-arch-piping-puffer-jacket-black-orange,,Trapstar,Jackets,Out of Stock,,hypelockeruk.com
TRAPSTAR IRONGATE ARCH PUFFER JACKET AW23 - BLUE / BLACK,£199.00,£350.00,,,"Stay ahead of the style game with the Trapstar Irongate Arch Puffer Jacket AW23 in Black. Elevate your winter wardrobe with this bold, streetwear-inspired essential. This jacket fits true to size. - 100% Polyester - Fabric contrast panel on sleeve &amp; back - Zipper closure on front - Irongate t rubber badge on front - Bevelled rubber badge on left sleeve - 3D irongate arch embroidery on back Size Guide shown in final image.",,,https://cdn.shopify.com/s/files/1/0533/7612/3068/files/6_710bf776-8d1c-4947-848e-6e6f349d034e.png?v=1729699864,https://hypelockeruk.com/products/trapstar-irongate-arch-puffer-jacket-aw23-blue-black,,Trapstar,Jackets,Out of Stock,,hypelockeruk.com
TRAPSTAR IRONGATE ARCH PUFFER JACKET AW23 - YELLOW / BLACK,£199.00,£350.00,,,"Stay ahead of the style game with the Trapstar Irongate Arch Puffer Jacket AW23 in vibrant yellow and black. Elevate your winter wardrobe with this bold, streetwear-inspired essential. This jacket fits true to size. Size Guide shown in final image.",,,https://cdn.shopify.com/s/files/1/0533/7612/3068/files/3_58cdc826-45a5-4841-b39c-cf73fea03fda.png?v=1729699844,https://hypelockeruk.com/products/trapstar-irongate-arch-puffer-jacket-aw23-yellow-black,,Trapstar,Jackets,In Stock,,hypelockeruk.com
TRAPSTAR IRONGATE ARCH PUFFER JACKET AW25 - BLACK,£199.00,£350.00,,,Zip closure with branded Irongate puller Removable hood Irongate T silicone badge on left chest Irongate T silicone badge on right sleeve Embroidered Irongate arch on upper back Side insert welt pockets with zip closure 100% polyester Regular fit 30-degree wash with similar colours Official Certilogo authentication label This jacket fits true to size.,,,https://cdn.shopify.com/s/files/1/0533/7612/3068/files/15_4c37c3ea-70e4-4695-81fc-281d111c0b3d.png?v=1765896248,https://hypelockeruk.com/products/trapstar-irongate-arch-puffer-jacket-aw25-black,,Trapstar,Jackets,Out of Stock,,hypelockeruk.com
TRAPSTAR IRONGATE ARCH REVERSIBLE PUFFER JACKET AW25 - BLACK / LIGHT BLUE,£199.00,£350.00,,,Reversible puffer Zip closure with branded Irongate puller Removable hood Irongate T silicone badge on left chest Irongate T silicone badge on right sleeve Embroidered Irongate arch on upper back Side insert welt pockets with zipper closure 100% polyester Regular fit 30° wash with similar colours Official Certilogo authentication label This jacket fits true to size.,,,https://cdn.shopify.com/s/files/1/0533/7612/3068/files/1_7b287a73-1310-43b2-8427-0bf073817e26.png?v=1764509513,https://hypelockeruk.com/products/trapstar-irongate-arch-reversible-puffer-jacket-aw25-black-light-blue,,Trapstar,Jackets,In Stock,,hypelockeruk.com
TRAPSTAR IRONGATE ARCH WINDBREAKER JACKET - BLACK,£199.00,£350.00,,,Trapstar Jackets fit true to size.,,,https://cdn.shopify.com/s/files/1/0533/7612/3068/files/11_dfafde3d-993f-4760-b58d-0f075c67e881.png?v=1729699882,https://hypelockeruk.com/products/trapstar-irongate-arch-windbreaker-jacket-black,,Trapstar,Jackets,Out of Stock,,hypelockeruk.com
TRAPSTAR IRONGATE DETACHABLE HOODED PUFFER JACKET - BLACK,£199.00,£350.00,,,The OG Black Irongate returns for 2025. Trapstar Jackets fit true to size. Size Guide shown in final image.,,,https://cdn.shopify.com/s/files/1/0533/7612/3068/files/Untitled_design_-_2025-01-02T160333.400.png?v=1735833946,https://hypelockeruk.com/products/trapstar-irongate-detachable-hooded-puffer-jacket-black,,Trapstar,Jackets,Out of Stock,,hypelockeruk.com
TRAPSTAR IRONGATE DETACHABLE HOODED PUFFER JACKET - BROWN,£199.00,£350.00,,,Trapstar Jackets fit true to size. Size Guide shown in final image.,,,https://cdn.shopify.com/s/files/1/0533/7612/3068/files/30_5ba1a860-c48b-4f3a-8d2e-1e304801d659.png?v=1729699740,https://hypelockeruk.com/products/trapstar-irongate-detachable-hooded-puffer-jacket-brown,,Trapstar,Jackets,In Stock,,hypelockeruk.com
TRAPSTAR IRONGATE HOODED PUFFER JACKET - BLACK,£199.00,£350.00,,,"Stay ahead of the style game with the Trapstar Irongate Hooded Puffer Jacket in Black. Elevate your winter wardrobe with this bold, streetwear-inspired essential. This jacket fits true to size. Size Guide shown in final image.",,,https://cdn.shopify.com/s/files/1/0533/7612/3068/files/Untitled_design_71.png?v=1732032807,https://hypelockeruk.com/products/trapstar-irongate-hooded-puffer-jacket-black,,Trapstar,Jackets,Out of Stock,,hypelockeruk.com
TRAPSTAR IRONGATE METAL BADGE WINDBREAKER JACKET - BLACK,£199.00,£350.00,,,Trapstar Jackets fit true to size.,,,https://cdn.shopify.com/s/files/1/0533/7612/3068/files/1_ceb202d1-33fb-4928-a955-7b4fc0fd305c.png?v=1763930905,https://hypelockeruk.com/products/trapstar-irongate-metal-badge-windbreaker-jacket-black,,Trapstar,Jackets,In Stock,,hypelockeruk.com
TRAPSTAR IRONGATE METAL BADGE WINDBREAKER JACKET - BLUE,£199.00,£350.00,,,Trapstar Jackets fit true to size.,,,https://cdn.shopify.com/s/files/1/0533/7612/3068/files/1_ba6b6739-05da-4478-a280-e034aab7a466.png?v=1763929284,https://hypelockeruk.com/products/trapstar-irongate-metal-badge-windbreaker-jacket-blue,,Trapstar,Jackets,Out of Stock,,hypelockeruk.com
TRAPSTAR IRONGATE WINDBREAKER JACKET - FLYING BIRDS,£199.00,£350.00,,,The Irongate Zip Windbreaker is now available in the highly-anticipated 'Flying Birds' colourway. Trapstar Jackets fit true to size.,,,https://cdn.shopify.com/s/files/1/0533/7612/3068/files/Untitled_design_-_2025-08-27T174031.404.png?v=1756312855,https://hypelockeruk.com/products/trapstar-irongate-zip-windbreaker-windbreaker,,Trapstar,Jackets,In Stock,,hypelockeruk.com
TRAPSTAR T JACQUARD PUFFER JACKET - BLACK,£199.00,£350.00,,,"- Quilted Outerwear Jacket. - Irongate T Jacquard allover print - Metal Irongate T Zip-Puller. - Irongate T Enamel Patch on shoulder - We do recommend sizing up for a more relaxed fit, please view Size Guide on the final image for further details",,,https://cdn.shopify.com/s/files/1/0533/7612/3068/files/38_a82ec629-75c1-40a6-b4cd-2ed0a44f37d8.png?v=1729699784,https://hypelockeruk.com/products/trapstar-t-jacquard-puffer-jacket-black,,Trapstar,Jackets,Out of Stock,,hypelockeruk.com
TRAPSTAR T JACQUARD PUFFER JACKET - DAZZLING BLUE,£199.00,£350.00,,,"- Quilted Outerwear Jacket. - Irongate T Jacquard allover print - Metal Irongate T Zip-Puller. - Irongate T Enamel Patch on shoulder - We do recommend sizing up for a more relaxed fit, please view Size Guide on the final image for further details",,,https://cdn.shopify.com/s/files/1/0533/7612/3068/files/39_34149501-3416-4052-9b16-3d48910b408d.png?v=1729699788,https://hypelockeruk.com/products/copy-of-trapstar-t-jacquard-puffer-jacket-black,,Trapstar,Jackets,Out of Stock,,hypelockeruk.com
TRAPSTAR WOMEN’S ARCH AW23 HOODED PUFFER JACKET - BLACK,£199.00,£350.00,,,The Women’s Arch AW23 Puffer Jacket has a cropped fit. Detachable hood.,,,https://cdn.shopify.com/s/files/1/0533/7612/3068/files/12_ba713aa7-dbfe-4c86-9963-7961ad5c56ed.png?v=1729699868,https://hypelockeruk.com/products/trapstar-women-s-arch-aw23-hooded-puffer-jacket-black,,Trapstar,Jackets,Out of Stock,,hypelockeruk.com
TRAPSTAR WOMEN’S ARCH AW23 HOODED PUFFER JACKET - GLOSS BLACK,£199.00,£350.00,,,- Decoded logo embroidery on back - Trapstar Irongate embroidery across hood - Branded metal zip puller - Adjustable waist bungee cord - Official Certilogo authentification label The Women’s Arch AW23 Puffer Jacket has a cropped fit. Detachable hood.,,,https://cdn.shopify.com/s/files/1/0533/7612/3068/files/50_4746fdfd-bc4e-4e1a-865e-b8779a8fe43f.png?v=1729699877,https://hypelockeruk.com/products/trapstar-women-s-arch-aw23-hooded-puffer-jacket-gloss-black,,Trapstar,Jackets,Out of Stock,,hypelockeruk.com
TRAPSTAR WOMEN’S CROPPED T JACQUARD PUFFER JACKET - BLACK,£199.00,£350.00,,,Purchase the Women's Cropped Trapstar T Jacquard Puffer Jacket in the 'Black' colourway today. Trapstar Jackets fit true to size. The Women’s Irongate Puffer Jacket has a cropped fit. Size Guide shown in final image.,,,https://cdn.shopify.com/s/files/1/0533/7612/3068/files/40_8118c476-7095-4120-97d6-416f74b63f33.png?v=1729699790,https://hypelockeruk.com/products/trapstar-women-s-cropped-t-jacquard-puffer-jacket-black,,Trapstar,Jackets,In Stock,,hypelockeruk.com
TRAPSTAR WOMEN’S DECODED 2022 HOODED PUFFER JACKET - ICE BLUE,£199.00,£350.00,,,Purchase the Trapstar Women's Cropped 2022 Puffer Jacket in the 'Ice Blue' colourway today. Trapstar Jackets fit true to size. The Women’s Decoded 2022 Puffer Jacket has a cropped fit. Size Guide shown in final image.,,,https://cdn.shopify.com/s/files/1/0533/7612/3068/files/41_1cb78e06-72e2-43c3-b04d-1a3b20b6a10c.png?v=1729699834,https://hypelockeruk.com/products/trapstar-women-s-decoded-2022-hooded-puffer-jacket-ice-blue,,Trapstar,Jackets,In Stock,,hypelockeruk.com
TRAPSTAR WOMEN’S HYPERDRIVE PUFFER JACKET - ICE BLUE,£199.00,£350.00,,,Trapstar Jackets fit true to size. The Women’s Hyperdrive Puffer Jacket has a cropped fit. Size Guide shown in final image.,,,https://cdn.shopify.com/s/files/1/0533/7612/3068/files/42_9f9e504f-b520-4518-829d-ed92ce081289.png?v=1729699752,https://hypelockeruk.com/products/trapstar-women-s-hyperdrive-puffer-jacket-ice-blue,,Trapstar,Jackets,Out of Stock,,hypelockeruk.com
TRAPSTAR WOMEN’S HYPERDRIVE PUFFER JACKET - OLIVE,£199.00,£350.00,,,Trapstar Jackets fit true to size. The Women’s Hyperdrive Puffer Jacket has a cropped fit. Size Guide shown in final image.,,,https://cdn.shopify.com/s/files/1/0533/7612/3068/files/43_00313076-1a54-4043-8a73-f758b0ce0ca5.png?v=1729699814,https://hypelockeruk.com/products/trapstar-women-s-hyperdrive-puffer-jacket-olive,,Trapstar,Jackets,Out of Stock,,hypelockeruk.com
TRAPSTAR WOMEN’S IRONGATE DETACHABLE HOODED PUFFER JACKET - BLACK,£199.00,£350.00,,,Purchase the Women's Cropped Trapstar Irongate Puffer Jacket in the 'Black' colourway today. Trapstar Jackets fit true to size. The Women’s Irongate Puffer Jacket has a cropped fit. Size Guide shown in final image.,,,https://cdn.shopify.com/s/files/1/0533/7612/3068/files/49_2da554b2-08c2-4069-b204-aca73f56a6da.png?v=1729699829,https://hypelockeruk.com/products/trapstar-women-s-irongate-detachable-hooded-puffer-jacket-black,,Trapstar,Jackets,Out of Stock,,hypelockeruk.com
TRAPSTAR WOMEN’S IRONGATE DETACHABLE HOODED PUFFER JACKET - BROWN,£199.00,£350.00,,,Purchase the Women's Cropped Trapstar Irongate Puffer Jacket in the 'Brown' colourway today. Trapstar Jackets fit true to size. The Women’s Irongate Puffer Jacket has a cropped fit. Size Guide shown in final image.,,,https://cdn.shopify.com/s/files/1/0533/7612/3068/files/44_4330baa3-96a5-4ad5-b24c-682406e82131.png?v=1729699781,https://hypelockeruk.com/products/trapstar-women-s-irongate-detachable-hooded-puffer-jacket-brown,,Trapstar,Jackets,Out of Stock,,hypelockeruk.com
TRAPSTAR WOMEN’S IRONGATE DETACHABLE HOODED PUFFER JACKET - OLIVE,£199.00,£350.00,,,Purchase the Women's Cropped Trapstar Irongate Puffer Jacket in the 'Olive' colourway today. Trapstar Jackets fit true to size. The Women’s Irongate Puffer Jacket has a cropped fit. Size Guide shown in final image.,,,https://cdn.shopify.com/s/files/1/0533/7612/3068/files/46_d4ab6b1b-faa1-43ff-9f7d-08f1c92b6f2d.png?v=1729699772,https://hypelockeruk.com/products/trapstar-women-s-irongate-detachable-hooded-puffer-jacket-olive,,Trapstar,Jackets,Out of Stock,,hypelockeruk.com
TRAPSTAR WOMEN’S IRONGATE EMBOSSED PUFFER JACKET - MATT BLACK,£199.00,£350.00,,,- Irongate Embossed across bottom - Branded Metal Zip Puller - Adjustable waist bungee cord - Inner zip pocket - Official Certilogo Authentification label Trapstar Jackets fit true to size. The Women’s Irongate Puffer Jacket has a cropped fit. Size Guide shown in final image.,,,https://cdn.shopify.com/s/files/1/0533/7612/3068/files/10_24779e30-88a3-4629-87a2-41c3d714fe2e.png?v=1729699855,https://hypelockeruk.com/products/trapstar-women-s-irongate-embossed-puffer-jacket-matt-black,,Trapstar,Jackets,Out of Stock,,hypelockeruk.com
TRAPSTAR WOMEN’S IRONGATE PUFFER JACKET - SHINY BLACK,£199.00,£350.00,,,Purchase the Women's Cropped Trapstar Irongate Puffer Jacket in the 'Shiny Black' colourway today. Trapstar Jackets fit true to size. The Women’s Irongate Puffer Jacket has a cropped fit. Size Guide shown in final image.,,,https://cdn.shopify.com/s/files/1/0533/7612/3068/files/45_0f8859d2-2e78-4d23-b3e7-7b073194ac7a.png?v=1729699768,https://hypelockeruk.com/products/trapstar-women-s-irongate-puffer-jacket-shiny-black,,Trapstar,Jackets,Out of Stock,,hypelockeruk.com
TRAPSTAR ARCH CHENILLE DECODED 2.0 SHORT SET - BLACK / WHITE,£44.32,,,,T-Shirt &amp; Shorts included. Trapstar Short Sets fit true to size.,,,https://cdn.shopify.com/s/files/1/0533/7612/3068/files/Untitleddesign-2025-04-30T164439.344.png?v=1746028002,https://hypelockeruk.com/products/trapstar-arch-chenille-decoded-2-0-short-set-black-white,,Trapstar,Short Sets,Out of Stock,,hypelockeruk.com
TRAPSTAR CHENILLE DECODED SHORT SET - BLACK / GREEN,£44.32,,,,Mixing Green with Black for a comfy yet stylish Short Set for the Summer. T-Shirt &amp; Shorts included. Trapstar Short Sets fit true to size. T-Shirt is 100% Cotton.,,,https://cdn.shopify.com/s/files/1/0533/7612/3068/files/8_c9c28e1b-d31f-478b-ade4-86bc269455ae.png?v=1729704493,https://hypelockeruk.com/products/trapstar-chenille-decoded-short-set-black-green,,Trapstar,Short Sets,Out of Stock,,hypelockeruk.com
TRAPSTAR CHENILLE DECODED SHORT SET - BLACK / GREY,£44.32,,,,T-Shirt &amp; Shorts included. Trapstar Short Sets fit true to size.,,,https://cdn.shopify.com/s/files/1/0533/7612/3068/files/2_e8f4380f-aab3-4103-bb25-500a4d45442f.png?v=1729704417,https://hypelockeruk.com/products/trapstar-chenille-decoded-short-set-black-grey-1,,Trapstar,Short Sets,Out of Stock,,hypelockeruk.com
TRAPSTAR CHENILLE DECODED SHORT SET - BLACK / RED,£44.32,£654.00,,,- Short sleeve t-shirt w/ Shorts - T-Shirt 100% cotton - Chenille Decoded on chest &amp; left thigh - Machine wash cold Trapstar Short Sets fit true to size.,,,https://cdn.shopify.com/s/files/1/0533/7612/3068/files/3_df81a31f-f17c-485c-8594-8f5ad445fbd9.png?v=1729704410,https://hypelockeruk.com/products/trapstar-chenille-decoded-short-set-black-red,,Trapstar,Short Sets,Out of Stock,,hypelockeruk.com
TRAPSTAR CHENILLE DECODED SHORT SET - CASHMERE BLUE / DAZZLING BLUE,£44.32,,,,Fusing Cashmere Blue with Dazzling Blue for a comfy yet stylish Short Set for the Summer. T-Shirt &amp; Shorts included. Trapstar Short Sets fit true to size.,,,https://cdn.shopify.com/s/files/1/0533/7612/3068/files/9_5f26674b-9dab-4bfd-9c83-c572cb13c925.png?v=1729704485,https://hypelockeruk.com/products/trapstar-chenille-decoded-short-set-cashmere-blue-dazzling-blue,,Trapstar,Short Sets,Out of Stock,,hypelockeruk.com
TRAPSTAR CHENILLE DECODED SHORT SET - ICE BLUE,£44.32,£577.00,,,100% Cotton. T-Shirt &amp; Shorts included. Trapstar Short Sets fit true to size.,,,https://cdn.shopify.com/s/files/1/0533/7612/3068/files/5_e0ed1136-2124-496b-b528-d5dace90843e.png?v=1729704395,https://hypelockeruk.com/products/trapstar-chenille-decoded-short-set-ice-blue,,Trapstar,Short Sets,In Stock,,hypelockeruk.com
TRAPSTAR CHENILLE DECODED SHORT SET - NAVY / DAZZLING BLUE,£44.32,,,,Fusing Navy Blue with Dazzling Blue for a comfy yet stylish Short Set for the Summer. T-Shirt &amp; Shorts included. Trapstar Short Sets fit true to size.,,,https://cdn.shopify.com/s/files/1/0533/7612/3068/files/12_d72861b1-98a6-4a6d-ad9e-f5102609b6c7.png?v=1729704488,https://hypelockeruk.com/products/trapstar-chenille-decoded-short-set-navy-dazzling-blue,,Trapstar,Short Sets,Out of Stock,,hypelockeruk.com
TRAPSTAR CHENILLE DECODED SHORT SET - WHITE / GREEN,£44.32,,,,Mixing Green with White for a comfy yet stylish Short Set for the Summer. T-Shirt &amp; Shorts included. Trapstar Short Sets fit true to size.,,,https://cdn.shopify.com/s/files/1/0533/7612/3068/files/13_f644ab74-d4db-4179-af7a-07922457b553.png?v=1729704496,https://hypelockeruk.com/products/trapstar-chenille-decoded-short-set-white-green,,Trapstar,Short Sets,Out of Stock,,hypelockeruk.com
TRAPSTAR CHENILLE DECODED SHORT SET - WHITE / GREY,£44.32,,,,T-Shirt &amp; Shorts included. Trapstar Short Sets fit true to size.,,,https://cdn.shopify.com/s/files/1/0533/7612/3068/files/1_71145d2d-38ef-4259-bd61-dc0143d62177.png?v=1729704424,https://hypelockeruk.com/products/trapstar-chenille-decoded-short-set-black-grey,,Trapstar,Short Sets,Out of Stock,,hypelockeruk.com
TRAPSTAR CHENILLE DECODED SHORT SET - WHITE / RED,£44.32,£654.00,,,- Short sleeve t-shirt w/ Shorts - T-Shirt 100% cotton - Chenille Decoded on chest &amp; left thigh - Machine wash cold Trapstar Short Sets fit true to size.,,,https://cdn.shopify.com/s/files/1/0533/7612/3068/files/30_12748ebf-f690-40a5-8019-e4e638700f25.png?v=1729704407,https://hypelockeruk.com/products/trapstar-chenille-decoded-short-set-white-red,,Trapstar,Short Sets,Out of Stock,,hypelockeruk.com
TRAPSTAR DECODED GEL SHORT SET - CASHMERE BLUE,£44.32,,,,Trapstar 3D Decoded Gel on Chest &amp; Shorts. T-Shirt &amp; Shorts included. Trapstar Short Sets fit true to size.,,,https://cdn.shopify.com/s/files/1/0533/7612/3068/files/14_c0e314ef-2610-438f-aab9-eeffe2151070.png?v=1729704450,https://hypelockeruk.com/products/trapstar-decoded-gel-short-set-cashmere-blue,,Trapstar,Short Sets,Out of Stock,,hypelockeruk.com
TRAPSTAR DECODED GEL SHORT SET - DAZZLING BLUE,£44.32,,,,Trapstar 3D Decoded Gel on Chest &amp; Shorts. T-Shirt &amp; Shorts included. Trapstar Short Sets fit true to size.,,,https://cdn.shopify.com/s/files/1/0533/7612/3068/files/15_f625f50f-3100-4c88-985e-98124a62d9c4.png?v=1729704455,https://hypelockeruk.com/products/trapstar-decoded-gel-short-set-dazzling-blue,,Trapstar,Short Sets,In Stock,,hypelockeruk.com
TRAPSTAR OVERSIZED DECODED SHORTS - GREY / RED GRADIENT,£44.32,,,,Trapstar Shorts fit true to size. Size Guide shown in final image.,,,https://cdn.shopify.com/s/files/1/0533/7612/3068/files/19_0b6f0df4-ec0b-49a8-bb8a-e80512888c62.png?v=1729704459,https://hypelockeruk.com/products/trapstar-oversized-decoded-shorts-grey-red-gradient,,Trapstar,Short Sets,Out of Stock,,hypelockeruk.com
TRAPSTAR SHOOTERS CHENILLE SHORTS - DAZZLING BLUE,£44.32,,,,Trapstar Shorts fit true to size.,,,https://cdn.shopify.com/s/files/1/0533/7612/3068/files/20_f95d7428-4d9b-4af7-9df1-a822ddd6dc6e.png?v=1729704442,https://hypelockeruk.com/products/trapstar-shooters-shorts-dazzling-blue,,Trapstar,Short Sets,Out of Stock,,hypelockeruk.com
TRAPSTAR SHOOTERS SHORT SET - BLACK / BLUE,£44.32,,,,T-Shirt &amp; Shorts included. Trapstar Short Sets fit true to size.,,,https://cdn.shopify.com/s/files/1/0533/7612/3068/files/7_db72c176-f788-4648-a8bd-a571321ef61f.png?v=1729704428,https://hypelockeruk.com/products/trapstar-shooters-short-set-black-blue,,Trapstar,Short Sets,Out of Stock,,hypelockeruk.com
TRAPSTAR SHOOTERS SHORT SET - BLACK / RED,£44.32,£1038.00,,,T-Shirt &amp; Shorts included. Trapstar Short Sets fit true to size.,,,https://cdn.shopify.com/s/files/1/0533/7612/3068/files/21_b327a0ab-d35c-4e7c-add2-78ed823c6527.png?v=1729704482,https://hypelockeruk.com/products/trapstar-shooters-short-set-black-red,,Trapstar,Short Sets,Out of Stock,,hypelockeruk.com
TRAPSTAR SHOOTERS SHORT SET - BLUE,£44.32,,,,T-Shirt &amp; Shorts included. Trapstar Short Sets fit true to size.,,,https://cdn.shopify.com/s/files/1/0533/7612/3068/files/4_09e25e4f-9ec5-4f48-a7bc-457e179b9e04.png?v=1729704403,https://hypelockeruk.com/products/trapstar-shooters-short-set-blue,,Trapstar,Short Sets,In Stock,,hypelockeruk.com
TRAPSTAR SHOOTERS SHORT SET - WHITE / BLUE,£44.32,,,,T-Shirt &amp; Shorts included. Trapstar Short Sets fit true to size.,,,https://cdn.shopify.com/s/files/1/0533/7612/3068/files/28_4ba3827f-8129-4408-bcca-333e1d3254fb.png?v=1729704399,https://hypelockeruk.com/products/trapstar-shooters-short-set-white-blue,,Trapstar,Short Sets,Out of Stock,,hypelockeruk.com
TRAPSTAR SHOOTERS SHORT SET - WHITE / GREY / RED,£44.32,,,,T-Shirt &amp; Shorts included. Trapstar Short Sets fit true to size.,,,https://cdn.shopify.com/s/files/1/0533/7612/3068/files/22_598237b8-ce23-427e-807e-8d7184282df2.png?v=1729704478,https://hypelockeruk.com/products/copy-of-trapstar-shooters-short-set-white-grey-red,,Trapstar,Short Sets,Out of Stock,,hypelockeruk.com
TRAPSTAR SHOOTERS SHORT SET - WHITE / LIGHT BLUE,£44.32,,,,T-Shirt &amp; Shorts included. Trapstar Short Sets fit true to size.,,,https://cdn.shopify.com/s/files/1/0533/7612/3068/files/Untitleddesign-2025-03-25T215040.113.png?v=1742939603,https://hypelockeruk.com/products/trapstar-shooters-short-set-white-light-blue,,Trapstar,Short Sets,Out of Stock,,hypelockeruk.com
TRAPSTAR SHOOTERS SHORTS - GREY / RED,£44.32,,,,Trapstar Shorts fit true to size.,,,https://cdn.shopify.com/s/files/1/0533/7612/3068/files/Untitled_design_42.png?v=1729722518,https://hypelockeruk.com/products/trapstar-shooters-shorts-grey-red,,Trapstar,Short Sets,Out of Stock,,hypelockeruk.com
TRAPSTAR DECODED T-SHIRT - WHITE / RED GRADIENT,£20.00,£45.00,,,Trapstar T-Shirts fit true to size. Size Guide shown in final image.,,,https://cdn.shopify.com/s/files/1/0533/7612/3068/files/16_80243885-4a6b-4b00-a224-c33e85b45a17.png?v=1729704462,https://hypelockeruk.com/products/trapstar-decoded-t-shirt-white-red-gradient,,Trapstar,T-Shirts,Out of Stock,,hypelockeruk.com
TRAPSTAR SHOOTERS T-SHIRT - BLACK / BLUE,£20.00,£45.00,,,Trapstar T-Shirts fit true to size. Size Guide shown in final image.,,,https://cdn.shopify.com/s/files/1/0533/7612/3068/files/32_27a58297-11d5-430b-97dd-bf21631540fd.png?v=1729704439,https://hypelockeruk.com/products/trapstar-shooters-t-shirt-black-blue,,Trapstar,T-Shirts,Out of Stock,,hypelockeruk.com
TRAPSTAR SHOOTERS T-SHIRT - BLACK MONOCHROME EDITION,£20.00,£45.00,,,Trapstar T-Shirts fit true to size. Size Guide shown in final image.,,,https://cdn.shopify.com/s/files/1/0533/7612/3068/files/24_cfba8fb5-9f7a-4934-aeb9-c10580829c17.png?v=1729704475,https://hypelockeruk.com/products/trapstar-shooters-t-shirt-black-monochrome-edition,,Trapstar,T-Shirts,Out of Stock,,hypelockeruk.com
TRAPSTAR SHOOTERS T-SHIRT - WHITE / BLUE,£20.00,£45.00,,,Trapstar T-Shirts fit true to size. Size Guide shown in final image.,,,https://cdn.shopify.com/s/files/1/0533/7612/3068/files/31_3f4e7271-26e4-475c-8f02-cd7e0aef9c74.png?v=1729704446,https://hypelockeruk.com/products/trapstar-shooters-t-shirt-white-blue,,Trapstar,T-Shirts,Out of Stock,,hypelockeruk.com
TRAPSTAR SHOOTERS T-SHIRT - WHITE MONOCHROME EDITION,£20.00,£45.00,,,Trapstar T-Shirts fit true to size. Size Guide shown in final image.,,,https://cdn.shopify.com/s/files/1/0533/7612/3068/files/25_e4727346-b737-4f26-80be-b0ff8354bd4a.png?v=1729704471,https://hypelockeruk.com/products/trapstar-shooters-t-shirt-white-monochrome-edition,,Trapstar,T-Shirts,Out of Stock,,hypelockeruk.com
TRAPSTAR SHOOTERS TARGET T-SHIRT - WHITE / GREY,£20.00,£45.00,,,Trapstar T-Shirts fit true to size. Size Guide shown in final image.,,,https://cdn.shopify.com/s/files/1/0533/7612/3068/files/26_cd332bf5-c1af-4928-a679-cbf31d4bc04a.png?v=1729704466,https://hypelockeruk.com/products/trapstar-shooters-target-t-shirt-white-grey,,Trapstar,T-Shirts,Out of Stock,,hypelockeruk.com
TRAPSTAR SHOOTERS TARGET T-SHIRT - WHITE / ORANGE,£20.00,£45.00,,,Trapstar T-Shirts fit true to size. Size Guide shown in final image.,,,https://cdn.shopify.com/s/files/1/0533/7612/3068/files/27_07bbcbaf-1c41-4a3c-9565-439a9ca0ff50.png?v=1729704469,https://hypelockeruk.com/products/trapstar-shooters-target-t-shirt-white-orange,,Trapstar,T-Shirts,Out of Stock,,hypelockeruk.com
TRAPSTAR X CENTRAL CEE IRONGATE T-SHIRT - BLACK,£20.00,£45.00,,,Title graphic screen print on front CRG screen print on back Regular fit 100% Cotton Trapstar Tees fit true to size.,,,https://cdn.shopify.com/s/files/1/0533/7612/3068/files/Untitleddesign-2024-12-14T010129.896.png?v=1734138109,https://hypelockeruk.com/products/trapstar-x-central-cee-irongate-t-shirt-black,,Trapstar,T-Shirts,In Stock,,hypelockeruk.com
TRAPSTAR X CENTRAL CEE IRONGATE T-SHIRT - WHITE,£20.00,£45.00,,,Title graphic screen print on front CRG screen print on back Regular fit 100% Cotton Trapstar Tees fit true to size.,,,https://cdn.shopify.com/s/files/1/0533/7612/3068/files/Untitleddesign-2024-12-14T010605.678.png?v=1734138380,https://hypelockeruk.com/products/trapstar-x-central-cee-irongate-t-shirt-whot,,Trapstar,T-Shirts,In Stock,,hypelockeruk.com
TRAPSTAR CHENILLE DECODED 2.0 HOODED TRACKSUIT - BLACK / BLUE,£115.00,£145.00,,,The popular Chenille Tracksuit returns in a new 2.0 edition. - Decoded Chenille logo across chest - Decoded Chenille logo down side of leg - Branded Zip across chest - Irongate T Chenille logo on hood - Official Certilogo Authentification label Hoodie &amp; Bottoms included. Trapstar Tracksuits fit true to size.,,,https://cdn.shopify.com/s/files/1/0533/7612/3068/files/19_8a0c38fe-a17c-4620-aca4-dfd4fe9cb6ab.png?v=1729702834,https://hypelockeruk.com/products/trapstar-chenille-decoded-2-0-hooded-tracksuit-black-blue,,Trapstar,Tracksuits,Out of Stock,,hypelockeruk.com
TRAPSTAR CHENILLE DECODED 2.0 HOODED TRACKSUIT - BLACK / RED,£115.00,£145.00,,,The popular Chenille Tracksuit returns in a new 2.0 edition. - Decoded Chenille logo across chest - Decoded Chenille logo down side of leg - Branded Zip across chest - Irongate T Chenille logo on hood - Official Certilogo Authentification label Hoodie &amp; Bottoms included. Trapstar Tracksuits fit true to size.,,,https://cdn.shopify.com/s/files/1/0533/7612/3068/files/22_46176cb5-d50e-413b-9b00-bee6165f71f7.png?v=1729702837,https://hypelockeruk.com/products/trapstar-chenille-decoded-2-0-hooded-tracksuit-black-red,,Trapstar,Tracksuits,In Stock,,hypelockeruk.com
TRAPSTAR CHENILLE DECODED 2.0 HOODED TRACKSUIT - BLACK ICE EDITION,£115.00,£145.00,,,The popular Chenille Tracksuit returns in a new 2.0 edition. - Decoded Chenille logo across chest - Decoded Chenille logo down side of leg - Branded Zip across chest - Irongate T Chenille logo on hood - Official Certilogo Authentification label Hoodie &amp; Bottoms included. Trapstar Tracksuits fit true to size.,,,https://cdn.shopify.com/s/files/1/0533/7612/3068/files/21_8777d6f0-a2bb-408d-858b-4fa42d004616.png?v=1729702801,https://hypelockeruk.com/products/trapstar-chenille-decoded-2-0-hooded-tracksuit-black-ice-edition,,Trapstar,Tracksuits,In Stock,,hypelockeruk.com
TRAPSTAR CHENILLE DECODED 2.0 HOODED TRACKSUIT - BLACK REVOLUTION,£115.00,£145.00,,,The popular Chenille Tracksuit returns in a new 2.0 edition. Hoodie &amp; Bottoms included. Trapstar Tracksuits fit true to size.,,,https://cdn.shopify.com/s/files/1/0533/7612/3068/files/23_dbb97e97-a0e5-4a2c-84c2-6d6cd02289fb.png?v=1729702790,https://hypelockeruk.com/products/trapstar-chenille-decoded-2-0-hooded-tracksuit-black-revolution,,Trapstar,Tracksuits,In Stock,,hypelockeruk.com
TRAPSTAR CHENILLE DECODED 2.0 HOODED TRACKSUIT - GREY / BLUE,£115.00,£145.00,,,The popular Chenille Tracksuit returns in a new 2.0 edition. - Decoded Chenille logo across chest - Decoded Chenille logo down side of leg - Branded Zip across chest - Irongate T Chenille logo on hood - Official Certilogo Authentification label Hoodie &amp; Bottoms included. Trapstar Tracksuits fit true to size.,,,https://cdn.shopify.com/s/files/1/0533/7612/3068/files/27_6f1e0159-74f2-489b-bfd7-2962016f2c93.png?v=1729702830,https://hypelockeruk.com/products/trapstar-chenille-decoded-2-0-hooded-tracksuit-grey-blue,,Trapstar,Tracksuits,In Stock,,hypelockeruk.com
TRAPSTAR CHENILLE DECODED 2.0 HOODED TRACKSUIT - GREY / RED,£115.00,£145.00,,,The popular Chenille Tracksuit returns in a new 2.0 edition. - Decoded Chenille logo across chest - Decoded Chenille logo down side of leg - Branded Zip across chest - Irongate T Chenille logo on hood - Official Certilogo Authentification label Hoodie &amp; Bottoms included. Trapstar Tracksuits fit true to size.,,,https://cdn.shopify.com/s/files/1/0533/7612/3068/files/29_36b94d8e-b0a9-4bfe-b61a-2b3e4ba8ad66.png?v=1729702840,https://hypelockeruk.com/products/trapstar-chenille-decoded-2-0-hooded-tracksuit-grey-red,,Trapstar,Tracksuits,Out of Stock,,hypelockeruk.com
TRAPSTAR CHENILLE DECODED 2.0 HOODED TRACKSUIT - GREY ICE EDITION,£115.00,£145.00,,,- Decoded Chenille logo across chest - Decoded Chenille logo down side of leg - Branded Zip across chest - Irongate T Chenille logo on hood - Official Certilogo Authentification label Hoodie &amp; Bottoms included. Trapstar Tracksuits fit true to size.,,,https://cdn.shopify.com/s/files/1/0533/7612/3068/files/28_ee9687e6-7625-45fa-9f19-c9c5372cb953.png?v=1729702805,https://hypelockeruk.com/products/trapstar-chenille-decoded-2-0-hooded-tracksuit-grey-ice-edition,,Trapstar,Tracksuits,In Stock,,hypelockeruk.com
TRAPSTAR CHENILLE DECODED 2.0 HOODED TRACKSUIT - GREY REVOLUTION,£115.00,£145.00,,,The popular Chenille Tracksuit returns in a new 2.0 edition. Hoodie &amp; Bottoms included. Trapstar Tracksuits fit true to size.,,,https://cdn.shopify.com/s/files/1/0533/7612/3068/files/30_36414c46-1f2d-403d-b2d4-2ffe58a4f2c6.png?v=1729702794,https://hypelockeruk.com/products/trapstar-chenille-decoded-2-0-hooded-tracksuit-grey-revolution,,Trapstar,Tracksuits,In Stock,,hypelockeruk.com
TRAPSTAR CHENILLE DECODED 2.0 HOODED TRACKSUIT - MEDIEVAL BLUE,£115.00,£145.00,,,The popular Chenille Tracksuit returns in a new 2.0 edition. - Decoded Chenille logo across chest - Decoded Chenille logo down side of leg - Branded Zip across chest - Irongate T Chenille logo on hood - Official Certilogo Authentification label Hoodie &amp; Bottoms included. Trapstar Tracksuits fit true to size.,,,https://cdn.shopify.com/s/files/1/0533/7612/3068/files/32_cb92e118-a6a1-4c1d-8951-0862271f56dd.png?v=1729702816,https://hypelockeruk.com/products/trapstar-chenille-decoded-2-0-hooded-tracksuit-medieval-blue,,Trapstar,Tracksuits,In Stock,,hypelockeruk.com
TRAPSTAR CHENILLE DECODED 2.0 HOODED TRACKSUIT - TEAL,£115.00,£145.00,,,The popular Chenille Tracksuit returns in a new 2.0 edition. Hoodie &amp; Bottoms included. - Decoded Chenille logo across chest - Decoded Chenille logo down side of leg - Branded Zip across chest - Irongate T Chenille logo on hood - Official Certilogo Authentification label Trapstar Tracksuits fit true to size.,,,https://cdn.shopify.com/s/files/1/0533/7612/3068/files/18_143e4b6f-cd81-4f4e-baa4-c8ab99a672dd.png?v=1729702909,https://hypelockeruk.com/products/trapstar-chenille-decoded-2-0-hooded-tracksuit-teal,,Trapstar,Tracksuits,Out of Stock,,hypelockeruk.com
TRAPSTAR CHENILLE DECODED HOODED TRACKSUIT - BLACKOUT EDITION,£115.00,£145.00,,,Hoodie &amp; Bottoms included. - Hooded Tracksuit - 100% cotton - Decoded Chenille Logo on Chest - Decoded Chenille Logo on Left Thigh - Zips on lower legs - Machine wash cold Trapstar Tracksuits fit true to size.,,,https://cdn.shopify.com/s/files/1/0533/7612/3068/files/36_bc7dff6f-f77d-4364-a4ae-32859752dff6.png?v=1729702808,https://hypelockeruk.com/products/trapstar-chenille-decoded-hooded-tracksuit-blackout-edition,,Trapstar,Tracksuits,In Stock,,hypelockeruk.com
TRAPSTAR CHENILLE DECODED HOODED TRACKSUIT - LIGHTNING EDITION,£115.00,£145.00,,,Hoodie &amp; Bottoms included. Trapstar Tracksuits fit true to size.,,,https://cdn.shopify.com/s/files/1/0533/7612/3068/files/40_ff5cba8c-f0b4-490b-aff4-b8a76c581ae0.png?v=1729702770,https://hypelockeruk.com/products/trapstar-chenille-decoded-hooded-tracksuit-lightning-edition,,Trapstar,Tracksuits,Out of Stock,,hypelockeruk.com
TRAPSTAR DECODED CHENILLE HOODED TRACKSUIT - AQUA EDITION,£115.00,£145.00,,,- 80% Cotton 20% Polyester - Drawcord adjuster at waist w/ metal eyelets &amp; aglets - Zip opening at hem w/ gusset insert - Decoded chenille logo across chest - ‘IT'S A SECRET' flat embroidery across chest - Regular core fit - Machine wash cold Hoodie &amp; Bottoms included. Trapstar Tracksuits fit true to size.,,,https://cdn.shopify.com/s/files/1/0533/7612/3068/files/2_e3b4b15a-e70d-43da-8c66-f4d5b20f486b.png?v=1729702856,https://hypelockeruk.com/products/trapstar-decoded-chenille-hooded-tracksuit-aqua-edition,,Trapstar,Tracksuits,In Stock,,hypelockeruk.com
TRAPSTAR DECODED CHENILLE HOODED TRACKSUIT - BLACK / YELLOW,£115.00,£145.00,,,- 80% Cotton 20% Polyester - Drawcord adjuster at waist w/ metal eyelets &amp; aglets - Zip opening at hem w/ gusset insert - Decoded chenille logo across chest - ‘IT'S A SECRET' flat embroidery across chest - Regular core fit - Machine wash cold Hoodie &amp; Bottoms included. Trapstar Tracksuits fit true to size.,,,https://cdn.shopify.com/s/files/1/0533/7612/3068/files/Untitled_design_-_2024-12-26T180631.495.png?v=1735236464,https://hypelockeruk.com/products/trapstar-decoded-chenille-hooded-tracksuit-black-yellow,,Trapstar,Tracksuits,Out of Stock,,hypelockeruk.com
TRAPSTAR DECODED CHENILLE HOODED TRACKSUIT - BLACK ICE,£115.00,£145.00,,,- 80% Cotton 20% Polyester - Drawcord adjuster at waist w/ metal eyelets &amp; aglets - Zip opening at hem w/ gusset insert - Decoded chenille logo across chest - ‘IT'S A SECRET' flat embroidery across chest - Regular core fit - Machine wash cold Hoodie &amp; Bottoms included. Trapstar Tracksuits fit true to size.,,,https://cdn.shopify.com/s/files/1/0533/7612/3068/files/4_74e43a6f-f3c3-4771-bf35-8f8c1c00e878.png?v=1729702884,https://hypelockeruk.com/products/trapstar-decoded-chenille-hooded-tracksuit-black-ice,,Trapstar,Tracksuits,In Stock,,hypelockeruk.com
TRAPSTAR DECODED CHENILLE HOODED TRACKSUIT - BLACK ICE EDITION,£115.00,£145.00,,,- 80% Cotton 20% Polyester - Drawcord adjuster at waist w/ metal eyelets &amp; aglets - Zip opening at hem w/ gusset insert - Decoded chenille logo across chest - ‘IT'S A SECRET' flat embroidery across chest - Regular core fit - Machine wash cold Hoodie &amp; Bottoms included. Trapstar Tracksuits fit true to size.,,,https://cdn.shopify.com/s/files/1/0533/7612/3068/files/6_48dd3c2e-4d4c-4aaa-8b11-93edfda3d6d4.png?v=1729702862,https://hypelockeruk.com/products/trapstar-decoded-chenille-hooded-tracksuit-black-ice-edition,,Trapstar,Tracksuits,In Stock,,hypelockeruk.com
TRAPSTAR DECODED CHENILLE HOODED TRACKSUIT - BLACK ICE EDITION 2.0,£115.00,£145.00,,,- 80% Cotton 20% Polyester - Drawcord adjuster at waist w/ metal eyelets &amp; aglets - Zip opening at hem w/ gusset insert - Decoded chenille logo across chest - ‘IT'S A SECRET' flat embroidery across chest - Regular core fit - Machine wash cold Hoodie &amp; Bottoms included. Trapstar Tracksuits fit true to size.,,,https://cdn.shopify.com/s/files/1/0533/7612/3068/files/5_615ef7a4-d58d-4faa-a0bc-21bc6c4399d1.png?v=1729702868,https://hypelockeruk.com/products/trapstar-decoded-chenille-hooded-tracksuit-black-ice-edition-2-0,,Trapstar,Tracksuits,Out of Stock,,hypelockeruk.com
TRAPSTAR DECODED CHENILLE HOODED TRACKSUIT - GREY / ORANGE,£115.00,£145.00,,,- 80% Cotton 20% Polyester - Drawcord adjuster at waist w/ metal eyelets &amp; aglets - Zip opening at hem w/ gusset insert - Decoded chenille logo across chest - ‘IT'S A SECRET' flat embroidery across chest - Regular core fit - Machine wash cold Hoodie &amp; Bottoms included. Trapstar Tracksuits fit true to size.,,,https://cdn.shopify.com/s/files/1/0533/7612/3068/files/14_506ef318-52c7-4ee1-9297-353bdfc6e498.png?v=1729702903,https://hypelockeruk.com/products/trapstar-decoded-chenille-hooded-tracksuit-grey-orange,,Trapstar,Tracksuits,Out of Stock,,hypelockeruk.com
TRAPSTAR DECODED CHENILLE HOODED TRACKSUIT - GREY ICE,£115.00,£145.00,,,- 80% Cotton 20% Polyester - Drawcord adjuster at waist w/ metal eyelets &amp; aglets - Zip opening at hem w/ gusset insert - Decoded chenille logo across chest - ‘IT'S A SECRET' flat embroidery across chest - Regular core fit - Machine wash cold Hoodie &amp; Bottoms included. Trapstar Tracksuits fit true to size.,,,https://cdn.shopify.com/s/files/1/0533/7612/3068/files/12_3049f9ee-ccb3-4ace-ad03-e80877174640.png?v=1729702887,https://hypelockeruk.com/products/trapstar-decoded-chenille-hooded-tracksuit-grey-ice,,Trapstar,Tracksuits,In Stock,,hypelockeruk.com
TRAPSTAR DECODED CHENILLE HOODED TRACKSUIT - GREY ICE EDITION 2.0,£115.00,£145.00,,,- 80% Cotton 20% Polyester - Drawcord adjuster at waist w/ metal eyelets &amp; aglets - Zip opening at hem w/ gusset insert - Decoded chenille logo across chest - ‘IT'S A SECRET' flat embroidery across chest - Regular core fit - Machine wash cold Hoodie &amp; Bottoms included. Trapstar Tracksuits fit true to size.,,,https://cdn.shopify.com/s/files/1/0533/7612/3068/files/13_a81e7fd7-4cf5-407f-8ad0-d60e8412365a.png?v=1729702871,https://hypelockeruk.com/products/trapstar-decoded-chenille-hooded-tracksuit-grey-ice-edition-2-0,,Trapstar,Tracksuits,In Stock,,hypelockeruk.com
TRAPSTAR SHOOTERS HOODED TRACKSUIT - BLACK / PINK,£115.00,£145.00,,,Hoodie &amp; Bottoms included. - 80% Cotton / 20% Polyester. - Shooters Chenille Logo across Front Chest. - Shooters Chenille Logo on Bottoms. - Machine wash cold. Trapstar Tracksuits fit true to size. Size guide shown in final image.,,,https://cdn.shopify.com/s/files/1/0533/7612/3068/files/Untitled_design_-_2024-12-31T120849.477.png?v=1735647063,https://hypelockeruk.com/products/trapstar-shooters-hooded-tracksuit-black-pink,,Trapstar,Tracksuits,Out of Stock,,hypelockeruk.com
TRAPSTAR SHOOTERS HOODED TRACKSUIT - BLACK / PURPLE,£115.00,£145.00,,,Hoodie &amp; Bottoms included. - 80% Cotton / 20% Polyester. - Shooters Chenille Logo across Front Chest. - Shooters Chenille Logo on Bottoms. - Machine wash cold. Trapstar Tracksuits fit true to size. Size guide shown in final image. All garment measurements are flat in centimetres (cm).,,,https://cdn.shopify.com/s/files/1/0533/7612/3068/files/Untitleddesign-2025-03-11T145216.572.png?v=1741704836,https://hypelockeruk.com/products/trapstar-shooters-hooded-tracksuit-black-purple,,Trapstar,Tracksuits,Out of Stock,,hypelockeruk.com
TRAPSTAR SHOOTERS HOODED TRACKSUIT - BLACK / SKY BLUE,£115.00,£145.00,,,Hoodie &amp; Bottoms included. - 80% Cotton / 20% Polyester - Shooters Chenille Logo on Left Chest &amp; Back - Shooters Chenille Logo on Bottoms - Machine wash cold Trapstar Tracksuits fit true to size. Size Guide shown in final image. All garment measurements are flat in centimetres (cm).,,,https://cdn.shopify.com/s/files/1/0533/7612/3068/files/Untitled_design_-_2025-03-11T143348.963.png?v=1741703650,https://hypelockeruk.com/products/trapstar-shooters-hooded-tracksuit-black-sky-blue,,Trapstar,Tracksuits,In Stock,,hypelockeruk.com
TRAPSTAR SHOOTERS HOODED TRACKSUIT - BLACKOUT,£115.00,£145.00,,,Hoodie &amp; Bottoms included. - 80% Cotton / 20% Polyester - Shooters Chenille Logo on Left Chest &amp; Back - Shooters Chenille Logo on Bottoms - Machine wash cold Trapstar Tracksuits fit true to size. Size Guide shown in final image. All garment measurements are flat in centimetres (cm).,,,https://cdn.shopify.com/s/files/1/0533/7612/3068/files/50_be2ebd2b-5f59-491b-be98-c462dffea013.png?v=1729702899,https://hypelockeruk.com/products/trapstar-shooters-hooded-tracksuit-blackout-1,,Trapstar,Tracksuits,Out of Stock,,hypelockeruk.com
TRAPSTAR SHOOTERS HOODED TRACKSUIT - GREY / PINK,£115.00,£145.00,,,Hoodie &amp; Bottoms included. - 80% Cotton / 20% Polyester. - Shooters Chenille Logo across Front Chest. - Shooters Chenille Logo on Bottoms. - Machine wash cold. Trapstar Tracksuits fit true to size. Size guide shown in final image.,,,https://cdn.shopify.com/s/files/1/0533/7612/3068/files/Untitleddesign-2024-12-31T121532.093.png?v=1735647361,https://hypelockeruk.com/products/trapstar-shooters-hooded-tracksuit-grey-pink,,Trapstar,Tracksuits,Out of Stock,,hypelockeruk.com
TRAPSTAR SHOOTERS HOODED TRACKSUIT - GREY / SKY BLUE,£115.00,£145.00,,,Hoodie &amp; Bottoms included. - 80% Cotton / 20% Polyester - Shooters Chenille Logo on Left Chest &amp; Back - Shooters Chenille Logo on Bottoms - Machine wash cold Trapstar Tracksuits fit true to size. Size Guide shown in final image. All garment measurements are flat in centimetres (cm).,,,https://cdn.shopify.com/s/files/1/0533/7612/3068/files/Untitled_design_-_2025-03-11T154936.348.png?v=1741708194,https://hypelockeruk.com/products/trapstar-shooters-hooded-tracksuit-grey-sky-blue,,Trapstar,Tracksuits,Out of Stock,,hypelockeruk.com
TRAPSTAR SHOOTERS HOODED TRACKSUIT - GREY / TEAL,£115.00,£145.00,,,Hoodie &amp; Bottoms included. - 80% Cotton / 20% Polyester - Shooters Chenille Logo on Left Chest &amp; Back - Shooters Chenille Logo on Bottoms - Machine wash cold Trapstar Tracksuits fit true to size.,,,https://cdn.shopify.com/s/files/1/0533/7612/3068/files/16_faa4a33a-1c9d-476d-ad74-55a5b82fa0e8.png?v=1729702874,https://hypelockeruk.com/products/trapstar-shooters-hooded-tracksuit-grey-teal,,Trapstar,Tracksuits,Out of Stock,,hypelockeruk.com
TRAPSTAR SHOOTERS HOODED TRACKSUIT - GREY MONOCHROME EDITION,£115.00,£145.00,,,Hoodie &amp; Bottoms included. - 80% Cotton / 20% Polyester - Shooters Chenille Logo on Left Chest &amp; Back - Shooters Chenille Logo on Bottoms - Machine wash cold Trapstar Tracksuits fit true to size. Size Guide shown in final image. All garment measurements are flat in centimetres (cm).,,,https://cdn.shopify.com/s/files/1/0533/7612/3068/files/11_f49b37f3-0a04-41b7-8a61-d50828d4b922.png?v=1729702798,https://hypelockeruk.com/products/trapstar-shooters-hooded-tracksuit-grey-monochrome-edition,,Trapstar,Tracksuits,In Stock,,hypelockeruk.com
TRAPSTAR SHOOTERS REFLECTIVE TRACKSUIT - BLACK,£115.00,£145.00,,,Hoodie &amp; Bottoms included. - 80% Cotton / 20% Polyester. - Shooters Chenille Logo across Front Chest. - Machine wash cold. Trapstar Tracksuits fit true to size. Size guide shown in final image. All garment measurements are flat in centimetres (cm).,,,https://cdn.shopify.com/s/files/1/0533/7612/3068/files/Untitleddesign-2025-12-06T190536.905_2ead6e73-fc84-497f-b750-f398105f3e3c.png?v=1765049143,https://hypelockeruk.com/products/trapstar-shooters-reflective-tracksuit-black,,Trapstar,Tracksuits,In Stock,,hypelockeruk.com
TRAPSTAR SHOOTERS REFLECTIVE TRACKSUIT - GREY,£115.00,£145.00,,,Hoodie &amp; Bottoms included. - 80% Cotton / 20% Polyester. - Shooters Chenille Logo across Front Chest. - Machine wash cold. Trapstar Tracksuits fit true to size. Size guide shown in final image. All garment measurements are flat in centimetres (cm).,,,https://cdn.shopify.com/s/files/1/0533/7612/3068/files/Untitleddesign-2025-12-18T175355.351_3480d178-ba91-441f-b7af-3e2bcc786ebe.png?v=1766080470,https://hypelockeruk.com/products/trapstar-shooters-reflective-tracksuit-grey,,Trapstar,Tracksuits,In Stock,,hypelockeruk.com
TRAPSTAR X CENTRAL CEE ARCH PANEL GRADIENT TRACKSUIT - YELLOW,£115.00,£145.00,,,Hoodie &amp; Bottoms included. Trapstar Tracksuits fit true to size.,,,https://cdn.shopify.com/s/files/1/0533/7612/3068/files/47_812ec411-db37-4806-9b7f-e08d6775bd71.png?v=1729702773,https://hypelockeruk.com/products/trapstar-central-cee-arch-panel-gradient-tracksuit-yellow,,Trapstar,Tracksuits,Out of Stock,,hypelockeruk.com